id,name,distance_meters,moving_time_seconds,elapsed_time_seconds,elevation_gain_meters,type,start_date,average_speed_mps,max_speed_mps,average_heart_rate_bpm,max_heart_rate_bpm,injury_occurred
13287191078,Morning Run,9140.2,2701,2713,46.0,Run,2025-01-07T05:30:29Z,3.384,4.18,135.0,151.0,False
13282808633,Evening Weight Training,0.0,2383,2383,0.0,WeightTraining,2025-01-06T17:00:38Z,0.0,0.0,131.5,148.0,False
13282885865,ROUVY - Big Gear Work,22432.9,2361,3533,43.0,VirtualRide,2025-01-06T16:50:34Z,9.501,13.52,130.5,156.0,False
13275709846,Evening Weight Training,0.0,3052,3052,0.0,WeightTraining,2025-01-05T18:53:53Z,0.0,0.0,80.3,110.0,False
13271889477,Lunch Run,12570.8,3779,3956,127.0,Run,2025-01-05T11:00:56Z,3.326,4.06,132.6,170.0,False
13264112195,Freeride Nordic Ski around town,6015.7,3075,5342,61.0,NordicSki,2025-01-04T12:32:52Z,1.956,5.52,87.5,118.0,False
13255085576,Afternoon Weight Training,0.0,4069,4069,0.0,WeightTraining,2025-01-03T12:57:14Z,0.0,0.0,72.7,130.0,False
13249388961,Evening Run,15190.0,4201,4758,0.0,Run,2025-01-02T18:40:33Z,3.616,4.86,140.4,169.0,False
13246866699,Afternoon Swim,2475.0,2415,3813,0.0,Swim,2025-01-02T13:47:36Z,1.025,2.78,123.5,152.0,False
13245784883,Afternoon Weight Training,0.0,2921,2921,0.0,WeightTraining,2025-01-02T12:03:28Z,0.0,0.0,76.8,108.0,False
13240171132,Afternoon Run,9651.4,2864,3144,97.0,Run,2025-01-01T16:22:23Z,3.37,4.16,134.6,157.0,False
13229226412,Cruise Intervals,12841.0,3610,3701,0.0,Run,2024-12-31T09:00:41Z,3.557,4.32,147.2,172.0,False
13227299173,Afternoon Weight Training,0.0,4205,4205,0.0,WeightTraining,2024-12-30T15:22:50Z,0.0,0.0,86.2,117.0,False
13222573250,Lunch Swim,2600.0,2738,3637,0.0,Swim,2024-12-30T11:13:55Z,0.95,11.66,119.7,150.0,False
13216346921,Afternoon Weight Training,0.0,4504,4504,0.0,WeightTraining,2024-12-29T12:57:26Z,0.0,0.0,68.9,114.0,False
13206542568,ROUVY - Threshold and Hold,56602.7,5398,5459,380.0,VirtualRide,2024-12-28T09:03:16Z,10.486,20.02,135.8,158.0,False
13202053928,Afternoon Weight Training,0.0,4506,4506,0.0,WeightTraining,2024-12-27T15:01:59Z,0.0,0.0,97.3,140.0,False
13199383184,Broken 300‚Äôs,2500.0,2557,3928,0.0,Swim,2024-12-27T09:44:29Z,0.978,10.56,124.9,158.0,True
13194361295,Afternoon Ride,60142.8,6598,7515,335.0,Ride,2024-12-26T13:12:21Z,9.115,14.24,141.5,167.0,False
13192106255,Morning Run,13836.3,3887,4412,81.0,Run,2024-12-26T09:29:54Z,3.56,7.38,142.9,171.0,False
13182151887,Tribike Test Outsideü•∞,18722.8,1897,1969,160.0,Ride,2024-12-24T14:29:16Z,9.87,14.8,144.6,174.0,False
13180167847,Morning Weight Training,0.0,4101,4101,0.0,WeightTraining,2024-12-24T09:24:08Z,0.0,0.0,86.2,141.0,False
13173865415,Lunch Run,13009.8,3660,4072,76.0,Run,2024-12-23T11:03:01Z,3.555,4.46,138.3,149.0,False
13173268848,Morning Swim,3025.0,3139,4261,0.0,Swim,2024-12-23T09:24:44Z,0.964,5.0,139.2,163.0,False
13169480389,Off the bike,4399.9,1267,1314,29.0,Run,2024-12-22T16:07:25Z,3.473,7.12,133.5,147.0,False
13169229235,Step Ups,62426.3,5397,5641,295.0,VirtualRide,2024-12-22T14:22:40Z,11.567,17.66,134.6,165.0,False
13163049645,Afternoon Weight Training,0.0,3696,3696,0.0,WeightTraining,2024-12-21T16:17:51Z,0.0,0.0,94.8,131.0,False
13160583547,Fartleksüí®,14029.9,3693,4560,56.0,Run,2024-12-21T10:13:57Z,3.799,4.98,135.9,157.0,False
13156561965,Evening Swim,3025.0,3181,4075,0.0,Swim,2024-12-20T17:09:28Z,0.951,10.0,130.8,158.0,False
13151269264,Evening Weight Training,0.0,3833,3833,0.0,WeightTraining,2024-12-19T19:51:41Z,0.0,0.0,83.7,127.0,False
13147266506,Morning Ride,32545.3,3597,3867,368.0,VirtualRide,2024-12-19T08:27:32Z,9.048,20.02,68.0,71.0,False
13144243859,Evening Swim,2575.0,2604,4091,0.0,Swim,2024-12-18T18:00:46Z,0.989,10.28,123.4,159.0,False
13140912091,5km TT,11617.0,3029,3638,41.0,Run,2024-12-18T09:55:34Z,3.835,6.02,153.0,184.0,False
13137624452,Evening Weight Training,0.0,5590,5590,0.0,WeightTraining,2024-12-17T19:17:13Z,0.0,0.0,98.8,138.0,False
13133341630,ROUVY - Threshold Intervals,37297.3,3599,3599,233.0,VirtualRide,2024-12-17T09:24:33Z,10.363,18.24,138.5,158.0,False
13129311191,Evening Run,10015.2,2758,3012,36.0,Run,2024-12-16T17:47:06Z,3.631,4.88,142.0,168.0,False
13122572142,Afternoon Swim,2550.0,2770,3523,0.0,Swim,2024-12-15T15:47:17Z,0.921,8.76,126.7,151.0,False
13115496020,Afternoon Weight Training,0.0,4275,4275,0.0,WeightTraining,2024-12-14T16:21:25Z,0.0,0.0,103.8,148.0,False
13113464603,Brick Run,4173.2,1176,1305,29.0,Run,2024-12-14T12:38:47Z,3.549,4.32,138.5,154.0,False
13113241250,Threshold and Hold,39435.9,4555,4779,500.0,VirtualRide,2024-12-14T11:11:57Z,8.658,20.02,135.9,159.0,False
13107551036,Afternoon Swim,2025.0,2111,3820,0.0,Swim,2024-12-13T14:24:26Z,0.959,4.16,130.1,166.0,False
13102816391,ROUVY - Easy Ride,37492.8,3597,4238,186.0,VirtualRide,2024-12-12T20:12:35Z,10.423,17.48,125.7,138.0,False
13094961527,Evening Weight Training,0.0,3704,3704,0.0,WeightTraining,2024-12-11T17:25:21Z,0.0,0.0,81.5,128.0,False
13091988405,Morning Run,12116.6,3245,3400,66.0,Run,2024-12-11T09:55:45Z,3.734,5.2,147.1,174.0,False
13087573130,ROUVY - FTP Test,8059.9,2398,2518,620.0,VirtualRide,2024-12-10T17:37:55Z,3.361,12.6,149.2,181.0,False
13086763316,Lunch Weight Training,0.0,3592,3592,0.0,WeightTraining,2024-12-10T11:15:55Z,0.0,0.0,93.9,156.0,False
13074446826,Evening Weight Training,0.0,2473,2473,0.0,WeightTraining,2024-12-08T17:58:24Z,0.0,0.0,77.7,124.0,False
13065055227,Lunch Weight Training,0.0,4467,4467,0.0,WeightTraining,2024-12-07T11:08:48Z,0.0,0.0,80.3,134.0,False
13060477131,ROUVY - Threshold and Hold,39873.2,4802,5217,532.0,VirtualRide,2024-12-06T17:01:31Z,8.303,20.02,126.6,148.0,False
13054216780,Evening Run,5143.0,1501,1596,20.0,Run,2024-12-05T18:58:41Z,3.426,4.26,136.5,149.0,False
13053925280,Broken 200‚Äôs,3000.0,3031,4405,0.0,Swim,2024-12-05T17:22:23Z,0.99,6.26,122.1,170.0,True
13050651923,upper,0.0,4455,4455,0.0,WeightTraining,2024-12-05T07:52:09Z,0.0,0.0,89.3,127.0,False
13042938189,ROUVY - Threshold Intervals Short,29679.3,3597,3719,331.0,VirtualRide,2024-12-04T06:01:18Z,8.251,18.72,128.5,158.0,False
13039724850,Evening Run,15014.9,3991,4348,56.0,Run,2024-12-03T17:48:13Z,3.762,6.76,152.5,175.0,False
13031929684,ROUVY - Easy Ride,38487.0,3598,3646,186.0,VirtualRide,2024-12-02T17:19:28Z,10.697,17.24,114.3,121.0,False
13028582775,Morning Weight Training,0.0,4479,4479,0.0,WeightTraining,2024-12-02T07:33:45Z,0.0,0.0,89.1,135.0,False
13022267991,Off the bike run,4491.4,1178,1204,30.0,Run,2024-12-01T11:01:32Z,3.813,5.26,149.2,161.0,False
13021899357,Threshold & Hold,44614.2,5398,5585,586.0,VirtualRide,2024-12-01T09:23:10Z,8.265,20.0,,,False
13017039250,Afternoon Swim,3000.0,3214,4301,0.0,Swim,2024-11-30T14:56:17Z,0.933,13.76,123.0,164.0,False
13010653215,Evening Run,13000.2,3622,4041,75.0,Run,2024-11-29T17:28:09Z,3.589,6.2,140.4,167.0,False
13009981619,Upper,0.0,4203,4203,0.0,WeightTraining,2024-11-29T15:44:44Z,0.0,0.0,95.0,135.0,False
13004461653,Sprint 50s,2500.0,2494,3978,0.0,Swim,2024-11-28T17:49:02Z,1.002,3.58,125.0,156.0,False
12999962485,ROUVY - 30-90s,31961.9,3612,3676,182.0,VirtualRide,2024-11-28T06:32:24Z,8.849,15.78,134.9,170.0,False
12996677084,Cruising Intervals,15012.1,4062,4535,58.0,Run,2024-11-27T17:02:44Z,3.696,5.14,143.9,172.0,False
12996674912,Morning Weight Training,0.0,3147,3147,0.0,WeightTraining,2024-11-27T06:48:23Z,0.0,0.0,92.6,148.0,False
12988996309,Evening Run,5150.2,1503,1524,17.0,Run,2024-11-26T17:34:29Z,3.427,4.66,134.6,142.0,False
12985188140,ROUVY - Threshold Intervals,33520.5,3602,3751,281.0,VirtualRide,2024-11-26T06:47:08Z,9.306,17.0,139.6,163.0,False
12982776074,Evening Weight Training,0.0,4161,4161,0.0,WeightTraining,2024-11-25T19:35:55Z,0.0,0.0,96.7,142.0,False
12975767888,Lower,0.0,3638,3638,0.0,WeightTraining,2024-11-24T19:28:33Z,0.0,0.0,91.1,170.0,False
12973832664,Afternoon Swim,2575.0,2687,3789,0.0,Swim,2024-11-24T14:30:04Z,0.958,6.18,132.3,159.0,False
12970764413,MAV shuttles,10186.0,2821,3160,78.0,Run,2024-11-24T09:06:29Z,3.611,6.2,145.3,171.0,False
12964391835,Lunch Run,4131.4,1201,1244,70.0,Run,2024-11-23T11:49:12Z,3.44,4.72,142.7,154.0,False
12964139563,ROUVY - Threshold & Hold,57117.3,5398,5450,46.0,VirtualRide,2024-11-23T10:08:53Z,10.581,15.42,136.8,161.0,False
12959645522,35‚Äô Z2,6706.3,2100,2204,0.0,Run,2024-11-22T17:18:18Z,3.193,3.3,139.3,146.0,False
12959644600,Back and Biceps,0.0,3752,3752,0.0,WeightTraining,2024-11-22T16:12:27Z,0.0,0.0,88.9,123.0,False
12953529087,Evening Swim,3000.0,3111,4166,0.0,Swim,2024-11-21T18:01:06Z,0.964,5.42,132.5,168.0,False
12950090378,ROUVY - Threshold Intervals Short,30015.6,3604,3604,335.0,VirtualRide,2024-11-21T09:07:28Z,8.328,18.74,132.4,160.0,False
12945551686,Afternoon Run,15157.1,4201,4500,69.0,Run,2024-11-20T16:12:33Z,3.608,4.96,148.2,172.0,False
12944770879,Afternoon Weight Training,0.0,3330,3330,0.0,WeightTraining,2024-11-20T14:38:30Z,0.0,0.0,86.2,134.0,False
12939439667,After Legday shakeout,4728.1,1510,1510,0.0,Run,2024-11-19T20:21:41Z,3.131,3.42,141.9,148.0,False
12939439732,Legs,0.0,3499,3499,0.0,WeightTraining,2024-11-19T19:22:34Z,0.0,0.0,83.4,127.0,False
12934166024,ROUVY - Threshold Intervals,35144.1,3598,3616,218.0,VirtualRide,2024-11-19T05:32:05Z,9.768,15.3,149.8,170.0,False
12931842915,Evening Weight Training,0.0,3633,3633,0.0,WeightTraining,2024-11-18T19:34:38Z,0.0,0.0,97.8,146.0,False
12924326367,Evening Weight Training,0.0,3725,3725,0.0,WeightTraining,2024-11-17T17:20:31Z,0.0,0.0,84.7,125.0,False
12915085575,Tourist Ride,129331.0,15721,22350,1276.0,Ride,2024-11-16T09:54:11Z,8.227,17.88,146.0,167.0,False
12897662732,Morning Run,13161.6,3601,4414,70.0,Run,2024-11-14T08:58:42Z,3.655,5.2,145.6,170.0,False
12893526617,Evening Swim,3025.0,3165,4039,0.0,Swim,2024-11-13T17:27:03Z,0.956,4.22,122.5,168.0,False
12889366460,Morning Weight Training,0.0,2746,2746,0.0,WeightTraining,2024-11-13T06:55:38Z,0.0,0.0,91.1,146.0,False
12885646659,Evening Run,5015.0,1498,1502,32.0,Run,2024-11-12T18:28:17Z,3.348,4.74,141.9,154.0,False
12885330710,Step Ups,38679.0,4503,4503,471.0,VirtualRide,2024-11-12T17:02:52Z,8.59,20.0,139.8,163.0,False
12878664373,Evening Weight Training,0.0,4434,4434,0.0,WeightTraining,2024-11-11T19:17:31Z,0.0,0.0,95.0,145.0,False
12870869461,Evening Weight Training,0.0,6504,6504,0.0,WeightTraining,2024-11-10T17:40:36Z,0.0,0.0,85.7,133.0,False
12866261191,ROUVY - Threshold Intervals,47429.0,5397,5434,435.0,VirtualRide,2024-11-10T09:21:32Z,8.788,16.94,128.9,155.0,False
12862016945,Threshold repeats,12447.7,3302,3641,49.0,Run,2024-11-09T17:29:48Z,3.77,5.28,149.8,171.0,False
12857216669,Morning Swim,2375.0,2597,3357,0.0,Swim,2024-11-09T08:08:28Z,0.915,4.18,143.6,175.0,False
12854275431,Evening Weight Training,0.0,4174,4174,0.0,WeightTraining,2024-11-08T18:22:20Z,0.0,0.0,102.0,145.0,False
12853058946,Afternoon Run,10318.3,3003,3379,57.0,Run,2024-11-08T15:30:14Z,3.436,4.74,143.1,154.0,False
12847079824,Broken Ladders,3000.0,3205,3954,0.0,Swim,2024-11-07T18:33:27Z,0.936,4.16,137.7,165.0,True
12846340145,Afternoon Weight Training,0.0,4095,4095,0.0,WeightTraining,2024-11-07T16:30:21Z,0.0,0.0,81.3,124.0,False
12838627462,Threshold Repeats,12829.6,3602,3912,46.0,Run,2024-11-06T16:53:01Z,3.562,5.04,148.0,173.0,False
12831759270,Evening Weight Training,0.0,3145,3145,0.0,WeightTraining,2024-11-05T19:36:07Z,0.0,0.0,102.0,140.0,False
12829817613,Afternoon Run,9091.3,2703,2791,72.0,Run,2024-11-05T15:54:04Z,3.363,4.06,140.4,160.0,False
12826252326,ROUVY - Threshold Intervals,31252.5,3617,3617,363.0,VirtualRide,2024-11-05T06:22:45Z,8.64,20.0,,,False
12823593604,Evening Weight Training,0.0,4346,4346,0.0,WeightTraining,2024-11-04T19:19:25Z,0.0,0.0,97.3,129.0,False
12816459188,Evening Weight Training,0.0,3410,3410,0.0,WeightTraining,2024-11-03T18:59:53Z,0.0,0.0,85.2,126.0,False
12811387513,Morning Ride,61823.4,6838,7202,459.0,Ride,2024-11-03T08:44:04Z,9.041,12.98,137.5,170.0,False
12807212219,Afternoon Weight Training,0.0,4305,4305,0.0,WeightTraining,2024-11-02T16:48:45Z,0.0,0.0,86.0,118.0,False
12803750192,Recovery Swim,2500.0,2654,3404,0.0,Swim,2024-11-02T10:52:47Z,0.942,1.8,121.6,154.0,False
12798197360,Recovery Run,10878.2,3302,3587,71.0,Run,2024-11-01T15:24:30Z,3.294,4.74,134.2,147.0,False
12792337795,Evening Weight Training,0.0,3612,3612,0.0,WeightTraining,2024-10-31T19:35:17Z,0.0,0.0,93.9,133.0,False
12790737812,Smooth swim,2525.0,2745,3594,0.0,Swim,2024-10-31T15:49:26Z,0.92,2.5,122.2,161.0,False
12783124438,Recovery Run,10003.6,3098,3319,72.0,Run,2024-10-30T16:29:24Z,3.229,4.43,132.2,150.0,False
12780558606,Lunch Weight Training,0.0,3519,3519,0.0,WeightTraining,2024-10-30T10:03:41Z,0.0,0.0,72.0,120.0,False
12775700743,ROUVY - Active Recovery,27330.4,3496,3622,257.0,VirtualRide,2024-10-29T18:04:38Z,7.818,15.998,,,False
12757322515,Frankfurt Marathon,42682.5,11268,11268,76.0,Run,2024-10-27T09:00:45Z,3.788,9.448,171.7,180.0,False
12742497441,Afternoon Weight Training,0.0,3801,3801,0.0,WeightTraining,2024-10-25T15:35:08Z,0.0,0.0,87.1,127.0,False
12739788489,Letzte Run vorem Marathon,5447.5,1502,1511,29.0,Run,2024-10-25T09:22:42Z,3.627,4.64,125.8,147.0,False
12735907343,400 & 200m time trial,2000.0,2169,3716,0.0,Swim,2024-10-24T17:08:37Z,0.922,3.14,122.2,157.0,False
12726904443,Afternoon Weight Training,0.0,4469,4469,0.0,WeightTraining,2024-10-23T14:53:44Z,0.0,0.0,87.0,124.0,False
12722803904,Dialing into Race PaceüèÅü§ûüèº,7802.5,2205,2213,36.0,Run,2024-10-23T05:16:45Z,3.539,4.596,142.6,154.0,False
12718819087,ROUVY - Get the legs moving,26367.8,3004,3086,340.0,VirtualRide,2024-10-22T16:29:54Z,8.778,20.0,,,False
12715677512,20‚Äò Easy on the Treadmill,4163.5,1218,1218,0.0,Run,2024-10-22T10:15:54Z,3.418,3.598,134.3,142.0,False
12715676820,Pull Day,0.0,2965,2965,0.0,WeightTraining,2024-10-22T09:25:44Z,0.0,0.0,81.8,120.0,False
12706119378,Morning Swim,2550.0,2947,3325,0.0,Swim,2024-10-21T04:42:09Z,0.865,3.91,133.2,164.0,False
12703686280,Evening Weight Training,0.0,3788,3788,0.0,WeightTraining,2024-10-20T16:31:29Z,0.0,0.0,90.1,126.0,False
12699335895,Off the Bike Runski,4042.1,1201,1251,31.0,Run,2024-10-20T09:46:31Z,3.366,4.87,149.0,166.0,False
12699022847,Usfahre dusse mit Colin,30896.7,3714,3714,261.0,Ride,2024-10-20T08:38:12Z,8.319,15.414,133.5,152.0,False
12698306611,ROUVY - Threshold and hold,49404.5,4803,4844,324.0,VirtualRide,2024-10-20T07:05:09Z,10.286,18.176,,,False
12694070519,Pull Day,0.0,3749,3749,0.0,WeightTraining,2024-10-19T14:35:01Z,0.0,0.0,99.7,136.0,False
12691858919,Fartleks,14684.3,3902,4193,48.0,Run,2024-10-19T10:19:07Z,3.763,5.212,137.8,154.0,False
12690264768,Morning Swim,2900.0,3204,3649,0.0,Swim,2024-10-19T07:20:16Z,0.905,1.924,138.2,165.0,False
12686244199,Easy Run?,13015.5,3620,3782,52.0,Run,2024-10-18T15:30:52Z,3.595,4.526,144.5,157.0,False
12682467110,ROUVY - Threshold Intervals,35354.6,3610,3711,122.0,VirtualRide,2024-10-18T04:23:50Z,9.794,14.182,,,False
12679563353,Evening Weight Training,0.0,3444,3444,0.0,WeightTraining,2024-10-17T16:56:51Z,0.0,0.0,90.0,127.0,False
12678209962,Afternoon Swim,2775.0,3067,3437,0.0,Swim,2024-10-17T14:40:43Z,0.905,3.3,132.8,159.0,False
12677755734,Afternoon Weight Training,0.0,4545,4545,0.0,WeightTraining,2024-10-16T15:37:14Z,0.0,0.0,80.2,124.0,False
12667680793,Morning Run,14810.2,4200,4349,172.0,Run,2024-10-16T08:10:47Z,3.526,4.65,145.0,183.0,False
12655122422,Evening Weight Training,0.0,3031,3031,0.0,WeightTraining,2024-10-14T17:04:12Z,0.0,0.0,68.2,136.0,False
12647695222,Long Run,21533.2,6306,6399,292.0,Run,2024-10-13T15:07:59Z,3.415,4.954,136.5,156.0,False
12645104907,Afternoon Weight Training,0.0,3764,3764,0.0,WeightTraining,2024-10-13T11:16:31Z,0.0,0.0,78.9,117.0,False
12638906823,Easy Run,12307.2,3639,3909,132.0,Run,2024-10-12T15:39:57Z,3.382,4.24,134.5,158.0,False
12634958217,Morning Swim,2525.0,2881,3979,0.0,Swim,2024-10-12T08:12:14Z,0.876,10.75,115.6,148.0,False
12630202254,‚Äúprogression run‚Äù,14006.9,4210,5807,216.0,Run,2024-10-11T14:28:17Z,3.327,4.728,139.2,162.0,False
12628232033,Lunch Weight Training,0.0,4222,4222,0.0,WeightTraining,2024-10-11T10:09:41Z,0.0,0.0,80.5,121.0,False
12618928953,ROUVY - Threshold Intervals,33172.2,3599,3599,321.0,VirtualRide,2024-10-10T04:31:18Z,9.217,17.436,141.0,157.0,False
12616174859,Hilly Long Run,20531.7,6309,6370,285.0,Run,2024-10-09T16:32:26Z,3.254,4.458,138.2,162.0,False
12616172697,Morning Weight Training,0.0,4613,4613,0.0,WeightTraining,2024-10-09T07:55:22Z,0.0,0.0,79.3,130.0,False
12608411223,Evening Weight Training,0.0,3656,3656,0.0,WeightTraining,2024-10-08T18:15:58Z,0.0,0.0,97.0,134.0,False
12606511176,Afternoon Swim,3000.0,3080,4055,0.0,Swim,2024-10-08T14:40:43Z,0.974,4.184,128.9,162.0,False
12603039485,ROUVY - Threshold Intervals,32496.8,3599,3599,368.0,VirtualRide,2024-10-08T05:32:38Z,9.029,20.004,143.2,161.0,False
12595230798,Morning Weight Training,0.0,3250,3250,0.0,WeightTraining,2024-10-07T05:49:06Z,0.0,0.0,89.9,124.0,False
12592270269,Evening Weight Training,0.0,3241,3241,0.0,WeightTraining,2024-10-06T16:27:50Z,0.0,0.0,89.9,127.0,False
12586552037,Morning Run,3890.2,1178,1181,36.0,Run,2024-10-06T06:24:54Z,3.302,4.264,137.4,145.0,False
12586469184,ROUVY - Threshold and Hold,47642.0,4798,4822,112.0,VirtualRide,2024-10-06T05:00:17Z,9.93,14.208,142.5,163.0,False
12581453090,1 hour easy run,11638.1,3601,4118,71.0,Run,2024-10-05T14:00:31Z,3.232,4.148,131.4,145.0,False
12579487485,Lunch Swim,2825.0,3266,3692,0.0,Swim,2024-10-05T10:40:19Z,0.865,1.316,126.8,167.0,False
12574458732,Evening Weight Training,0.0,3581,3581,0.0,WeightTraining,2024-10-04T17:25:25Z,0.0,0.0,78.4,134.0,False
12570764001,Cruise Intervals,15254.1,4201,4254,66.0,Run,2024-10-04T08:08:10Z,3.631,5.12,147.6,173.0,False
12566867233,ROUVY - Threshold Intervals,34876.3,3599,3599,219.0,VirtualRide,2024-10-03T17:21:12Z,9.691,16.634,131.4,149.0,False
12562931665,Morning Weight Training,0.0,3485,3485,0.0,WeightTraining,2024-10-03T08:22:08Z,0.0,0.0,88.9,139.0,False
12558966565,Long Run,22347.6,6603,7401,184.0,Run,2024-10-02T16:38:32Z,3.384,4.618,136.5,159.0,False
12550166174,broken 150‚Äòs,2500.0,2641,3486,0.0,Swim,2024-10-01T16:51:23Z,0.947,1.316,138.8,167.0,True
12549522387,Evening Swim,200.0,206,235,0.0,Swim,2024-10-01T16:44:55Z,0.971,1.138,95.7,112.0,False
12546818103,Lunch Weight Training,0.0,4175,4175,0.0,WeightTraining,2024-10-01T09:37:03Z,0.0,0.0,80.7,136.0,False
12545058258,Morning Run,9015.0,2710,2904,59.0,Run,2024-10-01T03:48:03Z,3.327,4.124,133.2,146.0,False
12537702339,Morning Weight Training,0.0,3078,3078,0.0,WeightTraining,2024-09-30T05:50:49Z,0.0,0.0,91.0,116.0,False
12534361635,off the bike,4117.0,1233,1241,25.0,Run,2024-09-29T16:10:38Z,3.339,4.34,145.5,157.0,False
12534066512,watching zurich worlds üåà,75638.7,10153,28840,1000.0,Ride,2024-09-29T07:59:28Z,7.45,17.564,123.5,159.0,False
12525084461,Afternoon Swim,3025.0,3345,3902,0.0,Swim,2024-09-28T14:39:06Z,0.904,1.668,139.2,169.0,False
12522343925,Lunch Run,12225.7,3617,3668,40.0,Run,2024-09-28T09:40:05Z,3.38,6.556,133.0,143.0,False
12521583346,Morning Weight Training,0.0,3584,3584,0.0,WeightTraining,2024-09-28T08:19:49Z,0.0,0.0,90.1,133.0,False
12517188752,MAV shuttles,13862.9,3903,4586,68.0,Run,2024-09-27T15:36:59Z,3.552,6.266,142.4,173.0,False
12510668797,Evening Swim,2700.0,3430,3744,0.0,Swim,2024-09-26T17:32:24Z,0.787,2.778,129.9,164.0,False
12506394192,Morning Weight Training,0.0,2870,2870,0.0,WeightTraining,2024-09-26T06:36:14Z,0.0,0.0,86.4,124.0,False
12502841511,Evening Run,19728.3,5712,5864,118.0,Run,2024-09-25T16:32:58Z,3.454,4.578,138.2,157.0,False
12498996204,Morning Weight Training,0.0,3638,3638,0.0,WeightTraining,2024-09-25T08:52:26Z,0.0,0.0,71.9,120.0,False
12494349249,ROUVY - 30-30s,34464.4,3599,3599,138.0,VirtualRide,2024-09-24T17:06:58Z,9.576,14.666,145.1,167.0,False
12488878210,Morning Run,9092.2,2703,2768,44.0,Run,2024-09-24T03:51:35Z,3.364,4.096,135.4,146.0,False
12485454356,Evening Weight Training,0.0,3876,3876,0.0,WeightTraining,2024-09-23T16:31:51Z,0.0,0.0,83.1,136.0,False
12473223770,Off the bike run,4327.5,1194,1200,19.0,Run,2024-09-22T08:40:28Z,3.624,5.418,144.3,163.0,False
12472903262,ROUVY - Over Unders,38908.3,4504,4597,479.0,VirtualRide,2024-09-22T07:08:40Z,8.639,20.004,149.9,176.0,False
12468544607,Afternoon Weight Training,0.0,3616,3616,0.0,WeightTraining,2024-09-21T15:09:03Z,0.0,0.0,83.4,112.0,False
12465640092,Lunch Swim,2625.0,3074,3341,0.0,Swim,2024-09-21T10:15:22Z,0.854,1.786,132.9,170.0,False
12464363236,Easy Run,12082.2,3603,3679,77.0,Run,2024-09-21T07:42:10Z,3.353,4.242,136.6,149.0,False
12459747517,Progression Run,14387.2,4036,4781,100.0,Run,2024-09-20T14:46:38Z,3.565,5.858,148.6,176.0,False
12458143624,Afternoon Weight Training,0.0,4449,4449,0.0,WeightTraining,2024-09-20T11:11:26Z,0.0,0.0,74.4,122.0,False
12452817399,Evening Swim,2525.0,2577,3884,0.0,Swim,2024-09-19T17:04:40Z,0.98,1.39,129.0,162.0,False
12448001050,ROUVY - 30-90s,28798.9,3593,3855,345.0,VirtualRide,2024-09-19T06:08:38Z,8.015,20.004,,,False
12444098265,Evening Run,21447.0,6306,6438,85.0,Run,2024-09-18T16:01:46Z,3.401,4.522,141.7,167.0,False
12439692332,Morning Weight Training,0.0,3779,3779,0.0,WeightTraining,2024-09-18T07:46:35Z,0.0,0.0,77.9,120.0,False
12432477679,Lunch Weight Training,0.0,3486,3486,0.0,WeightTraining,2024-09-17T10:14:10Z,0.0,0.0,83.3,127.0,False
12429662325,Morning Run,9006.3,2708,2859,47.0,Run,2024-09-17T03:57:46Z,3.326,5.158,140.7,158.0,False
12422392711,Morning Weight Training,0.0,4137,4137,0.0,WeightTraining,2024-09-16T07:12:05Z,0.0,0.0,87.7,126.0,False
12418810353,Evening Weight Training,0.0,4034,4034,0.0,WeightTraining,2024-09-15T16:17:54Z,0.0,0.0,86.7,131.0,False
12414785379,Lunch Run,4036.4,1220,1272,35.0,Run,2024-09-15T10:10:50Z,3.309,4.2,138.6,155.0,False
12414784449,Morning Ride,39546.3,4939,4994,449.0,Ride,2024-09-15T08:40:00Z,8.007,14.366,122.9,164.0,False
12408234573,Afternoon Swim,2575.0,2952,3174,0.0,Swim,2024-09-14T13:28:01Z,0.872,10.0,136.5,168.0,False
12405825565,Morning Run,13018.1,3797,4032,83.0,Run,2024-09-14T08:47:00Z,3.429,4.39,137.8,149.0,False
12402315599,Night Weight Training,0.0,3083,3083,0.0,WeightTraining,2024-09-13T19:12:28Z,0.0,0.0,95.9,148.0,False
12398079866,Decreasing Intervals,14560.4,3903,3986,54.0,Run,2024-09-13T08:28:52Z,3.731,5.482,158.6,176.0,False
12394008921,Evening Weight Training,0.0,3736,3736,0.0,WeightTraining,2024-09-12T17:15:13Z,0.0,0.0,76.8,145.0,False
12386189327,Evening Weight Training,0.0,3895,3895,0.0,WeightTraining,2024-09-11T17:23:08Z,0.0,0.0,83.6,131.0,False
12375487509,Afternoon Run,8419.8,2401,2607,81.0,Run,2024-09-10T14:02:22Z,3.507,4.45,140.9,182.0,False
12375486454,Lunch Weight Training,0.0,3126,3126,0.0,WeightTraining,2024-09-10T08:23:41Z,0.0,0.0,85.8,123.0,False
12365410792,Afternoon Swim,758.8,929,1179,9.7,Swim,2024-09-09T11:04:00Z,0.817,1.212,121.8,132.0,False
12363933684,Morning Weight Training,0.0,2551,2551,0.0,WeightTraining,2024-09-09T06:10:05Z,0.0,0.0,86.3,122.0,False
12362160067,Afternoon Weight Training,0.0,2717,2717,0.0,WeightTraining,2024-09-08T14:11:50Z,0.0,0.0,94.0,130.0,False
12354805641,Morning Run,10010.6,3144,3267,87.0,Run,2024-09-08T05:18:49Z,3.184,3.986,137.0,156.0,False
12347492140,Lunch Swim,524.9,689,832,3.5,Swim,2024-09-07T09:50:44Z,0.762,1.126,79.5,115.0,False
12346179937,Morning Weight Training,0.0,3118,3118,0.0,WeightTraining,2024-09-07T06:18:17Z,0.0,0.0,81.4,119.0,False
12340397698,Afternoon Swim,584.0,721,750,11.9,Swim,2024-09-06T11:47:45Z,0.81,1.274,106.4,126.0,False
12338449239,Morning Run,10026.0,3082,3095,87.0,Run,2024-09-06T05:03:29Z,3.253,5.356,142.6,171.0,False
12330986896,Lunch Weight Training,0.0,4133,4133,0.0,WeightTraining,2024-09-05T08:19:22Z,0.0,0.0,86.5,134.0,False
12315132588,Afternoon Weight Training,0.0,3679,3679,0.0,WeightTraining,2024-09-03T12:54:25Z,0.0,0.0,83.8,122.0,False
12308383321,Afternoon Ride,70883.0,8766,9490,795.0,Ride,2024-09-02T15:16:35Z,8.086,19.192,131.8,174.0,False
12306208466,Afternoon Weight Training,0.0,3607,3607,0.0,WeightTraining,2024-09-02T12:43:32Z,0.0,0.0,88.2,126.0,False
12304373622,Morning Run,10003.2,3154,3222,5.0,Run,2024-09-02T08:18:28Z,3.172,7.282,136.8,172.0,False
12290742927,Afternoon Run,7028.0,2010,2070,6.0,Run,2024-08-31T15:01:34Z,3.497,4.468,146.7,160.0,False
12275307200,Evening Weight Training,0.0,4341,4341,0.0,WeightTraining,2024-08-29T16:36:26Z,0.0,0.0,87.0,138.0,False
12271225167,Morning Ride,49876.1,5907,6098,508.0,Ride,2024-08-29T08:07:48Z,8.444,16.646,129.3,157.0,False
12266749933,Evening Run,7028.4,2305,2378,103.0,Run,2024-08-28T17:47:06Z,3.049,3.896,126.5,136.0,False
12265315763,Afternoon Weight Training,0.0,4778,4778,0.0,WeightTraining,2024-08-28T13:58:43Z,0.0,0.0,85.4,121.0,False
12262026973,Morning Swim,2050.0,2132,2459,0.0,Swim,2024-08-28T07:29:10Z,0.962,2.5,102.5,134.0,False
12253881345,Morning Weight Training,0.0,3952,3952,0.0,WeightTraining,2024-08-27T08:56:53Z,0.0,0.0,83.5,125.0,False
12247531861,Afternoon Weight Training,0.0,3656,3656,0.0,WeightTraining,2024-08-26T14:39:41Z,0.0,0.0,79.0,126.0,False
12236848533,Uster Tri:Run,19552.7,5168,5215,97.0,Run,2024-08-25T08:37:40Z,3.783,5.241,181.8,191.0,False
12236848189,Morning Workout,191.9,58,116,0.0,Workout,2024-08-25T08:35:44Z,3.309,3.931,139.7,150.0,False
12236848395,Uster Tri:Bike,89545.7,9132,9132,930.0,Ride,2024-08-25T06:03:26Z,9.806,18.544,130.9,159.0,False
12236848131,Morning Workout,355.7,138,192,36.0,Workout,2024-08-25T06:00:13Z,2.577,3.87,101.8,114.0,False
12236848103,Uster Tri:Swim,274.1,345,345,0.0,Swim,2024-08-25T05:54:28Z,0.794,1.292,106.6,120.0,False
12230263512,Afternoon Swim,568.0,673,812,2.1,Swim,2024-08-24T13:38:46Z,0.844,1.11,112.4,123.0,False
12223884716,Evening Ride,32779.2,4120,4252,342.0,Ride,2024-08-23T16:55:48Z,7.956,19.078,121.7,155.0,False
12215216422,Evening Swim,1000.0,1129,1372,0.0,Swim,2024-08-22T16:39:20Z,0.886,0.982,111.7,133.0,False
12214910843,Afternoon Run,5688.9,1920,1978,31.0,Run,2024-08-22T15:53:27Z,2.963,5.216,125.4,154.0,False
12205277622,Afternoon Run,7007.2,2064,2350,18.0,Run,2024-08-21T13:41:23Z,3.395,4.602,125.5,146.0,False
12203028406,Morning Weight Training,0.0,3712,3712,0.0,WeightTraining,2024-08-21T08:27:42Z,0.0,0.0,81.3,124.0,False
12197407345,Afternoon Ride,28241.9,3357,3357,265.0,Ride,2024-08-20T15:43:07Z,8.413,15.532,122.0,141.0,False
12193505754,Morning Swim,1000.0,1166,1233,0.0,Swim,2024-08-20T07:36:57Z,0.858,0.944,111.4,128.0,False
12189107823,Tapering,8004.4,2515,2661,62.0,Run,2024-08-19T16:49:12Z,3.183,4.774,133.6,148.0,False
12187911583,Afternoon Weight Training,0.0,3475,3475,0.0,WeightTraining,2024-08-19T14:21:40Z,0.0,0.0,96.5,137.0,False
12186916391,Afternoon Ride,29312.6,3345,3481,288.0,Ride,2024-08-19T12:02:59Z,8.763,18.004,128.1,153.0,False
12181096738,Evening Run,6040.0,1911,1911,0.0,Run,2024-08-18T16:07:54Z,3.161,3.6,126.0,141.0,False
12181092647,Afternoon Weight Training,0.0,5224,5224,0.0,WeightTraining,2024-08-18T14:36:32Z,0.0,0.0,80.5,125.0,False
12177423074,Lunch Swim,2025.0,2265,3012,0.0,Swim,2024-08-18T09:09:57Z,0.894,1.786,123.2,170.0,False
12169329301,Lunch Run,7999.1,2497,2803,13.0,Run,2024-08-17T09:59:24Z,3.203,7.108,136.1,178.0,False
12169324439,Morning Weight Training,0.0,3848,3848,0.0,WeightTraining,2024-08-17T08:45:52Z,0.0,0.0,72.6,110.0,False
12164427110,Afternoon Ride,100885.0,11581,13900,1079.0,Ride,2024-08-16T14:01:56Z,8.711,19.028,136.8,162.0,False
12156458454,Evening Ride,62659.5,6703,7155,509.0,Ride,2024-08-15T16:25:44Z,9.348,15.865,138.9,165.0,False
12152426905,Lunch Swim,1319.7,1586,2049,6.6,Swim,2024-08-15T09:42:10Z,0.832,1.654,130.4,150.0,False
12152032788,Morning Weight Training,0.0,4062,4062,0.0,WeightTraining,2024-08-15T08:14:45Z,0.0,0.0,93.0,152.0,False
12147635726,Afternoon Run,15075.1,4676,4811,126.0,Run,2024-08-14T15:10:25Z,3.224,4.338,134.8,151.0,False
12144256838,Lunch Weight Training,0.0,4193,4193,0.0,WeightTraining,2024-08-14T09:29:19Z,0.0,0.0,75.1,116.0,False
12138117819,Afternoon Weight Training,0.0,4299,4299,0.0,WeightTraining,2024-08-13T14:51:39Z,0.0,0.0,92.6,169.0,False
12134624563,Morning Ride,64103.9,7197,7993,548.0,Ride,2024-08-13T06:45:01Z,8.907,15.747,133.0,161.0,False
12129231355,Afternoon Run,13576.4,4335,4399,16.0,Run,2024-08-12T15:13:05Z,3.132,5.77,150.5,178.0,False
12126384931,Morning Swim,2000.0,2353,2747,0.0,Swim,2024-08-12T08:53:01Z,0.85,1.112,101.0,122.0,False
12122284427,After leg day shake out,6009.3,2110,2242,45.0,Run,2024-08-11T17:06:02Z,2.848,3.728,126.7,140.0,False
12120836159,Afternoon Weight Training,0.0,4243,4243,0.0,WeightTraining,2024-08-11T13:45:43Z,0.0,0.0,86.8,138.0,False
12113194428,Afternoon Ride,36397.8,4184,4782,483.0,Ride,2024-08-10T15:46:56Z,8.699,16.5,147.6,178.0,False
12109899837,Lunch Swim,2000.0,2362,2568,0.0,Swim,2024-08-10T09:55:28Z,0.847,1.0,98.0,122.0,False
12104779228,Afternoon Weight Training,0.0,4011,4011,0.0,WeightTraining,2024-08-09T15:44:39Z,0.0,0.0,92.8,131.0,False
12101835516,Morning Run,21136.2,5879,6538,185.0,Run,2024-08-09T08:29:08Z,3.595,4.546,149.5,175.0,False
12095578186,Afternoon Weight Training,0.0,3795,3795,0.0,WeightTraining,2024-08-08T12:58:24Z,0.0,0.0,79.4,121.0,False
12093009343,Morning Run,7376.4,2601,2668,151.0,Run,2024-08-08T08:03:06Z,2.836,3.996,121.2,144.0,False
12085168664,Lunch Swim,1700.0,2020,2323,0.0,Swim,2024-08-07T10:12:01Z,0.842,1.042,107.9,124.0,False
12080246437,Afternoon Ride,104717.0,11788,14497,1036.0,Ride,2024-08-06T15:02:07Z,8.883,17.922,143.9,168.0,False
12077247553,Afternoon Weight Training,0.0,4819,4819,0.0,WeightTraining,2024-08-06T11:51:22Z,0.0,0.0,81.4,119.0,False
12070364268,Evening Run,10007.1,3225,3347,12.0,Run,2024-08-05T16:37:26Z,3.103,7.626,139.6,193.0,False
12068690874,Afternoon Weight Training,0.0,4535,4535,0.0,WeightTraining,2024-08-05T13:04:43Z,0.0,0.0,80.5,155.0,False
12059187409,Lunch Run,10138.5,2739,2739,39.0,Run,2024-08-04T09:44:31Z,3.702,4.624,158.1,174.0,False
12059179538,Morning Ride,38429.2,3868,3903,277.0,Ride,2024-08-04T08:20:06Z,9.935,14.339,146.4,168.0,False
12057535234,Morning Swim,1510.5,1831,1984,3.5,Swim,2024-08-04T07:21:30Z,0.825,1.264,117.2,147.0,False
12053246886,Afternoon Swim,1950.0,2170,3275,0.0,Swim,2024-08-03T15:03:08Z,0.899,1.472,121.0,152.0,False
12050768673,Lunch Weight Training,0.0,5196,5196,0.0,WeightTraining,2024-08-03T09:50:54Z,0.0,0.0,75.4,142.0,False
12041675312,Morning Ride,87056.9,10744,11392,1167.0,Ride,2024-08-02T04:42:43Z,8.103,18.229,135.0,162.0,False
12034180957,Lunch Swim,201.3,266,272,0.0,Swim,2024-08-01T09:55:51Z,0.757,1.442,119.8,142.0,False
12033614082,Morning Weight Training,0.0,3661,3661,0.0,WeightTraining,2024-08-01T07:20:56Z,0.0,0.0,89.5,134.0,False
12029322795,Evening Run,7506.0,2528,2528,77.0,Run,2024-07-31T17:05:10Z,2.969,3.516,131.2,151.0,False
12028441578,Afternoon Weight Training,0.0,5021,5021,0.0,WeightTraining,2024-07-31T14:18:05Z,0.0,0.0,79.6,123.0,False
12020870998,Evening Run,15015.1,4339,4673,122.0,Run,2024-07-30T16:51:08Z,3.46,5.12,149.5,169.0,False
12017256376,Morning Weight Training,0.0,4805,4805,0.0,WeightTraining,2024-07-30T07:40:18Z,0.0,0.0,88.2,120.0,False
12010726925,Afternoon Run,7513.9,2042,2285,8.0,Run,2024-07-29T14:17:06Z,3.68,4.698,145.9,171.0,False
12009139550,Lunch Swim,1616.4,1811,2023,0.0,Swim,2024-07-29T10:36:15Z,0.893,1.368,110.7,139.0,False
12000094443,Morning Run,7002.1,1858,2315,37.0,Run,2024-07-28T07:51:57Z,3.769,4.51,159.5,173.0,False
12000094359,Morning Workout,118.6,185,204,1.0,Workout,2024-07-28T07:48:25Z,0.641,2.312,100.7,110.0,False
12000094413,Morning Ride,60038.9,6525,7388,377.0,Ride,2024-07-28T05:45:17Z,9.201,15.818,135.9,158.0,False
11995300239,Afternoon Ride,30419.9,3717,4005,428.0,Ride,2024-07-27T14:46:35Z,8.184,20.736,143.5,174.0,False
11992703799,Morning Weight Training,0.0,4872,4872,0.0,WeightTraining,2024-07-27T08:28:09Z,0.0,0.0,77.0,108.0,False
11984453911,Lunch Swim,2050.0,2391,2937,0.0,Swim,2024-07-26T09:39:33Z,0.857,2.174,120.0,155.0,False
11979796748,Evening Run,9119.8,2641,2650,79.0,Run,2024-07-25T17:05:35Z,3.453,4.81,154.3,180.0,False
11979169405,Lunch Weight Training,0.0,6079,6079,0.0,WeightTraining,2024-07-25T09:03:02Z,0.0,0.0,82.8,137.0,False
11979163540,Afternoon Weight Training,0.0,4637,4637,0.0,WeightTraining,2024-07-24T15:03:39Z,0.0,0.0,82.3,155.0,False
11962331096,Evening Run,10008.9,3046,3046,114.0,Run,2024-07-23T16:47:22Z,3.286,5.826,147.7,172.0,False
11961503998,Lunch Weight Training,0.0,3926,3926,0.0,WeightTraining,2024-07-23T09:40:18Z,0.0,0.0,79.1,120.0,False
11954234120,Recovery Run,6005.6,2070,2418,69.0,Run,2024-07-22T17:35:57Z,2.901,7.8,122.5,149.0,False
11950667870,Morning Weight Training,0.0,5981,5981,0.0,WeightTraining,2024-07-22T08:45:35Z,0.0,0.0,82.1,125.0,False
11946552350,Afternoon Ride,90100.3,10337,11339,1071.0,Ride,2024-07-21T15:20:31Z,8.716,18.128,145.4,161.0,False
11937633246,Evening Run,13059.1,4036,4196,111.0,Run,2024-07-20T16:31:24Z,3.236,3.964,146.9,163.0,False
11937623180,Afternoon Weight Training,0.0,2249,2249,0.0,WeightTraining,2024-07-20T14:44:06Z,0.0,0.0,115.2,161.0,False
11926277045,Lunch Swim,2000.0,2292,2971,0.0,Swim,2024-07-19T09:51:28Z,0.873,2.942,127.9,158.0,False
11926275527,Morning Weight Training,0.0,4054,4054,0.0,WeightTraining,2024-07-19T08:09:35Z,0.0,0.0,82.9,125.0,False
11921322188,Evening Weight Training,0.0,5162,5162,0.0,WeightTraining,2024-07-18T16:10:43Z,0.0,0.0,89.6,136.0,False
11916787548,Morning Ride,60232.9,6312,6851,335.0,Ride,2024-07-18T05:28:16Z,9.543,16.308,144.4,168.0,False
11913696234,Evening Run,9255.8,2768,2879,65.0,Run,2024-07-17T18:41:18Z,3.344,5.348,138.7,157.0,False
11904804591,Evening Run,10038.8,2806,2960,78.0,Run,2024-07-16T17:32:44Z,3.578,4.264,146.3,166.0,False
11900688985,Lunch Weight Training,0.0,4606,4606,0.0,WeightTraining,2024-07-16T09:43:10Z,0.0,0.0,74.8,116.0,False
11895475758,Evening Run,8074.2,2225,2225,14.0,Run,2024-07-15T16:39:42Z,3.629,5.228,153.5,170.0,False
11894609351,Afternoon Swim,1403.8,1673,1793,0.0,Swim,2024-07-15T15:08:42Z,0.839,1.5,68.3,94.0,False
11894606827,Lunch Weight Training,0.0,4678,4678,0.0,WeightTraining,2024-07-15T09:08:32Z,0.0,0.0,82.6,135.0,False
11889171318,Evening Run,10014.3,2972,3147,205.0,Run,2024-07-14T17:59:47Z,3.37,5.342,140.8,157.0,False
11883863038,Morning Swim,2150.0,2424,3460,0.0,Swim,2024-07-14T08:15:40Z,0.887,3.126,111.4,156.0,False
11880734717,Afternoon Weight Training,0.0,1334,1334,0.0,WeightTraining,2024-07-13T14:53:34Z,0.0,0.0,119.7,169.0,False
11872310031,Evening Run,8011.8,2141,2156,64.0,Run,2024-07-12T18:11:47Z,3.742,4.614,161.3,178.0,False
11871339859,Afternoon Swim,2003.8,2559,2968,0.0,Swim,2024-07-12T15:45:53Z,0.783,1.446,135.2,158.0,False
11869735427,Lunch Weight Training,0.0,4617,4617,0.0,WeightTraining,2024-07-12T09:16:33Z,0.0,0.0,85.0,134.0,False
11865301292,Night Run,10504.0,3157,3157,116.0,Run,2024-07-11T19:09:27Z,3.327,6.596,144.3,168.0,False
11865295938,Lunch Weight Training,0.0,4236,4236,0.0,WeightTraining,2024-07-11T09:06:57Z,0.0,0.0,95.1,165.0,False
11848032766,Afternoon Ride,84608.0,9321,11516,513.0,Ride,2024-07-09T14:35:14Z,9.077,14.013,149.2,164.0,False
11843458704,Morning Run,8507.6,2154,2728,63.0,Run,2024-07-09T05:59:24Z,3.95,5.174,146.6,177.0,False
11839792418,Evening Weight Training,0.0,3688,3688,0.0,WeightTraining,2024-07-08T16:32:05Z,0.0,0.0,89.6,122.0,False
11837870321,Afternoon Swim,1100.0,1254,1687,0.0,Swim,2024-07-08T13:49:07Z,0.877,1.165,111.7,126.0,False
11835813318,Morning Ride,80059.6,8848,9893,551.0,Ride,2024-07-08T06:21:44Z,9.048,13.804,142.2,164.0,False
11831734407,Afternoon Weight Training,0.0,4169,4169,0.0,WeightTraining,2024-07-07T15:39:48Z,0.0,0.0,88.5,119.0,False
11825322762,Morning Weight Training,0.0,4413,4413,0.0,WeightTraining,2024-07-06T08:55:45Z,0.0,0.0,90.7,144.0,False
11815971530,Evening Run,12021.2,3958,4272,78.0,Run,2024-07-05T16:12:47Z,3.037,4.514,130.6,175.0,False
11806620377,Morning Hike,16121.5,15341,19763,712.0,Hike,2024-07-04T08:24:55Z,1.051,3.078,90.6,130.0,False
11799040072,Afternoon Weight Training,0.0,2775,2775,0.0,WeightTraining,2024-07-03T14:09:56Z,0.0,0.0,87.7,124.0,False
11798074384,Morning Hike,10339.1,10016,13459,546.0,Hike,2024-07-03T08:51:45Z,1.032,18.742,87.7,132.0,False
11790988284,Afternoon Run,9020.5,2839,3686,165.0,Run,2024-07-02T14:22:06Z,3.177,4.106,131.5,159.0,False
11777850712,Night Run,6026.7,2230,2456,44.0,Run,2024-06-30T19:00:26Z,2.703,3.674,122.6,149.0,False
11773622371,Lunch Weight Training,0.0,4551,4551,0.0,WeightTraining,2024-06-30T09:15:49Z,0.0,0.0,92.9,149.0,False
11765520925,Morning Weight Training,0.0,4096,4096,0.0,WeightTraining,2024-06-29T08:40:49Z,0.0,0.0,85.5,139.0,False
11759955431,Afternoon Run,6013.0,1618,1655,40.0,Run,2024-06-28T13:47:31Z,3.716,4.544,153.5,172.0,False
11759955375,Afternoon Workout,0.0,56,56,0.0,Workout,2024-06-28T13:46:35Z,0.0,0.0,107.2,115.0,False
11759955400,Afternoon Ride,31553.8,3403,3547,263.0,Ride,2024-06-28T12:47:21Z,9.272,13.793,143.9,164.0,False
11754324407,Evening Ride,61343.9,6445,6961,357.0,Ride,2024-06-27T16:39:07Z,9.518,14.246,151.0,168.0,False
11754335196,Evening Ride,60935.4,6375,7034,300.0,Ride,2024-06-27T16:38:48Z,9.558,13.962,,,False
11750116563,Morning Weight Training,0.0,4296,4296,0.0,WeightTraining,2024-06-27T05:06:52Z,0.0,0.0,94.7,125.0,False
11746571433,Evening Swim,2250.0,2604,3148,0.0,Swim,2024-06-26T17:48:54Z,0.864,1.138,112.7,142.0,False
11736582461,Afternoon Weight Training,0.0,4451,4451,0.0,WeightTraining,2024-06-25T13:36:28Z,0.0,0.0,95.6,125.0,False
11733231280,Morning Run,10010.5,3206,3309,76.0,Run,2024-06-25T05:31:49Z,3.122,11.23,140.9,169.0,False
11717977393,Morning Ride,89691.5,10712,12627,869.0,Ride,2024-06-23T06:00:30Z,8.373,15.528,141.1,162.0,False
11713818282,Afternoon Weight Training,0.0,3487,3487,0.0,WeightTraining,2024-06-22T15:57:51Z,0.0,0.0,97.7,133.0,False
11711080730,Intervals,10010.1,3369,3461,73.0,Run,2024-06-22T10:29:35Z,2.971,6.322,143.6,175.0,False
11699686031,Evening Ride,58076.4,6498,7657,314.0,Ride,2024-06-20T16:48:03Z,8.938,13.446,138.6,163.0,False
11694772252,Morning Run,8285.7,2683,2728,106.0,Run,2024-06-20T04:58:23Z,3.088,6.649,140.3,159.0,False
11691992344,Evening Weight Training,0.0,3821,3821,0.0,WeightTraining,2024-06-19T17:38:48Z,0.0,0.0,89.2,127.0,False
11686474618,Morning Swim,2000.0,2413,2597,0.0,Swim,2024-06-19T04:28:59Z,0.829,1.088,133.8,156.0,False
11682823864,Afternoon Weight Training,0.0,4132,4132,0.0,WeightTraining,2024-06-18T15:57:21Z,0.0,0.0,95.2,131.0,False
11678317751,Morning Run,15611.7,4723,4819,107.0,Run,2024-06-18T04:12:36Z,3.305,4.66,144.2,156.0,False
11674943027,Evening Weight Training,0.0,4840,4840,0.0,WeightTraining,2024-06-17T16:30:06Z,0.0,0.0,90.8,125.0,False
11670499333,Morning Swim,2100.0,2460,3142,0.0,Swim,2024-06-17T04:12:29Z,0.854,1.924,133.0,172.0,False
11667863014,Intervals,10056.8,3526,3608,26.0,Run,2024-06-16T15:47:59Z,2.852,5.852,146.5,179.0,False
11664085992,Morning Weight Training,0.0,4526,4526,0.0,WeightTraining,2024-06-16T07:52:39Z,0.0,0.0,87.1,126.0,False
11656387923,Morning Ride,88423.2,11423,14146,727.0,Ride,2024-06-15T06:17:57Z,7.741,16.14,122.9,168.0,False
11652053693,Evening Swim,1001.6,1269,1391,0.0,Swim,2024-06-14T16:56:37Z,0.789,1.682,115.7,139.0,False
11645418396,Evening Weight Training,0.0,4949,4949,0.0,WeightTraining,2024-06-13T16:21:01Z,0.0,0.0,86.8,126.0,False
11640343474,tempo session,9015.8,2503,2507,95.0,Run,2024-06-13T04:08:03Z,3.602,5.032,154.0,177.0,False
11637262869,Evening Weight Training,0.0,4486,4486,0.0,WeightTraining,2024-06-12T16:30:17Z,0.0,0.0,92.2,123.0,False
11634291007,Lunch Swim,2250.0,2780,3113,0.0,Swim,2024-06-12T10:41:44Z,0.809,2.778,121.6,146.0,False
11629026796,Evening Weight Training,0.0,4557,4557,0.0,WeightTraining,2024-06-11T16:11:01Z,0.0,0.0,93.3,127.0,False
11624145001,Morning Ride,31185.1,4172,5096,355.0,Ride,2024-06-11T04:09:18Z,7.475,18.836,131.7,162.0,False
11620659321,Evening Weight Training,0.0,4429,4429,0.0,WeightTraining,2024-06-10T16:17:55Z,0.0,0.0,89.1,125.0,False
11616607210,Morning Run,11018.8,3249,3624,74.0,Run,2024-06-10T04:09:46Z,3.391,3.801,144.9,160.0,False
11612326330,Afternoon Run,5997.3,1625,1864,25.0,Run,2024-06-09T13:33:06Z,3.691,4.394,148.7,165.0,False
11602466721,Morning Ride,101710.0,12084,18906,499.0,Ride,2024-06-08T06:02:32Z,8.417,14.314,132.0,161.0,False
11597513782,Evening Weight Training,0.0,4067,4067,0.0,WeightTraining,2024-06-07T16:27:25Z,0.0,0.0,83.3,130.0,False
11595225908,Afternoon Swim,2000.0,2324,2995,0.0,Swim,2024-06-07T11:35:58Z,0.861,1.786,107.3,153.0,False
11590602958,Evening Weight Training,0.0,4126,4126,0.0,WeightTraining,2024-06-06T16:39:04Z,0.0,0.0,81.8,122.0,False
11585329852,Easy Run,14999.6,4610,4610,163.0,Run,2024-06-06T04:12:34Z,3.254,6.885,143.7,164.0,False
11585328309,Evening Weight Training,0.0,4345,4345,0.0,WeightTraining,2024-06-05T16:22:53Z,0.0,0.0,93.9,120.0,False
11576912565,Hill Repeats,30290.2,4026,4135,372.0,Ride,2024-06-05T04:10:02Z,7.524,12.267,136.9,167.0,False
11573257270,Evening Weight Training,0.0,4084,4084,0.0,WeightTraining,2024-06-04T16:08:13Z,0.0,0.0,97.8,125.0,False
11570204209,Lunch Swim,1550.0,1987,3244,0.0,Swim,2024-06-04T10:12:47Z,0.78,2.382,97.9,120.0,False
11566094444,Afternoon Weight Training,0.0,4499,4499,0.0,WeightTraining,2024-06-03T15:57:53Z,0.0,0.0,93.6,132.0,False
11560868687,Morning Run,10000.2,3035,3367,104.0,Run,2024-06-03T04:09:33Z,3.295,4.823,149.0,177.0,False
11546073830,Morning Ride,101145.0,11929,14845,172.0,Ride,2024-06-01T06:00:24Z,8.479,12.254,131.9,163.0,False
11541644882,Evening Weight Training,0.0,4133,4133,0.0,WeightTraining,2024-05-31T16:22:31Z,0.0,0.0,82.9,117.0,False
11537565863,Fartlek,8503.3,2528,2531,83.0,Run,2024-05-31T04:13:59Z,3.364,4.783,147.5,174.0,False
11534220810,Evening Weight Training,0.0,4115,4115,0.0,WeightTraining,2024-05-30T16:03:13Z,0.0,0.0,84.5,114.0,False
11526052252,after legday spin out,16598.3,2053,2096,80.0,Ride,2024-05-29T15:56:22Z,8.085,10.742,146.2,162.0,False
11526013455,Afternoon Weight Training,0.0,2739,2739,0.0,WeightTraining,2024-05-29T15:03:07Z,0.0,0.0,110.0,140.0,False
11526051794,to the gym,17142.9,1873,1873,43.0,Ride,2024-05-29T14:26:17Z,9.153,14.958,151.2,166.0,False
11523882718,Evening Weight Training,0.0,3790,3790,0.0,WeightTraining,2024-05-28T16:11:06Z,0.0,0.0,97.7,126.0,False
11514189076,Morning Run,10160.5,3433,3433,274.0,Run,2024-05-28T04:09:48Z,2.96,6.122,145.3,165.0,False
11514187855,Evening Weight Training,0.0,4315,4315,0.0,WeightTraining,2024-05-27T16:33:12Z,0.0,0.0,104.1,138.0,False
11506665486,Morning Ride,29770.4,3894,4155,393.0,Ride,2024-05-27T04:16:27Z,7.645,17.712,145.1,174.0,False
11496109555,Evening Weight Training,0.0,3938,3938,0.0,WeightTraining,2024-05-25T16:33:37Z,0.0,0.0,97.3,130.0,False
11492830983,Lunch Run,7206.1,1927,2027,84.0,Run,2024-05-25T10:49:37Z,3.74,5.099,147.7,183.0,False
11488770241,Night Run,9033.2,2820,3427,85.0,Run,2024-05-24T19:31:59Z,3.203,5.188,145.0,165.0,False
11487524565,Afternoon Weight Training,0.0,4484,4484,0.0,WeightTraining,2024-05-24T14:47:04Z,0.0,0.0,88.1,130.0,False
11479401624,Afternoon Swim,2250.0,2715,4424,0.0,Swim,2024-05-23T13:44:33Z,0.829,2.174,134.3,171.0,False
11479397042,Afternoon Weight Training,0.0,2986,2986,0.0,WeightTraining,2024-05-23T12:29:50Z,0.0,0.0,,,False
11473926549,Evening Weight Training,0.0,4160,4160,0.0,WeightTraining,2024-05-22T18:42:16Z,0.0,0.0,94.5,124.0,False
11466382413,Evening Weight Training,0.0,4816,4816,0.0,WeightTraining,2024-05-21T18:58:02Z,0.0,0.0,92.8,121.0,False
11453946290,100km ride,101424.0,12867,16875,681.8,Ride,2024-05-20T05:27:17Z,7.882,16.003,143.6,174.0,False
11450077388,Evening Weight Training,0.0,4110,4110,0.0,WeightTraining,2024-05-19T16:41:18Z,0.0,0.0,94.4,124.0,False
11444547737,Morning Swim,1550.0,1714,2376,0.0,Swim,2024-05-19T07:09:49Z,0.904,6.176,122.9,159.0,False
11436822076,Brick Session - Run üß±,8013.9,2407,2773,83.0,Run,2024-05-18T07:59:48Z,3.329,5.186,153.5,171.0,False
11436424147,Brick Session-Bikeüß±,43374.1,5155,5442,315.0,Ride,2024-05-18T06:20:40Z,8.414,15.794,141.9,170.0,False
11434118659,Night Weight Training,0.0,5164,5164,0.0,WeightTraining,2024-05-17T19:10:26Z,0.0,0.0,,,False
11426408228,Evening Weight Training,0.0,3738,3738,0.0,WeightTraining,2024-05-16T17:42:22Z,0.0,0.0,95.7,125.0,False
11418806031,Evening Swim,1500.0,1759,2286,0.0,Swim,2024-05-15T17:55:26Z,0.853,0.962,111.6,136.0,False
11411590583,Evening Weight Training,0.0,4823,4823,0.0,WeightTraining,2024-05-14T18:54:56Z,0.0,0.0,89.6,127.0,False
11405974183,Morning Run,9496.8,3044,3122,113.0,Run,2024-05-14T05:30:01Z,3.12,4.043,140.7,162.0,False
11403587010,Night Weight Training,0.0,4516,4516,0.0,WeightTraining,2024-05-13T19:26:06Z,0.0,0.0,92.5,118.0,False
11395729872,Evening Weight Training,0.0,3703,3703,0.0,WeightTraining,2024-05-12T16:24:39Z,0.0,0.0,96.3,124.0,False
11391127987,Morning Ride,54940.4,6605,6888,534.0,Ride,2024-05-12T07:15:29Z,8.318,18.309,145.0,170.0,False
11384331050,Lunch Swim- Outside,1000.0,1252,1786,0.0,Swim,2024-05-11T10:45:26Z,0.799,0.91,128.4,152.0,False
11379817653,Evening Weight Training,0.0,3940,3940,0.0,WeightTraining,2024-05-10T18:54:54Z,0.0,0.0,92.3,125.0,False
11367570194,Flughafenlauf,16677.8,4530,4530,79.0,Run,2024-05-09T08:33:20Z,3.682,4.962,149.4,181.0,False
11363338379,Evening Swim,2000.0,2256,3002,0.0,Swim,2024-05-08T17:38:48Z,0.887,6.428,128.4,170.0,False
11355963763,Night Weight Training,0.0,3533,3533,0.0,WeightTraining,2024-05-07T19:10:26Z,0.0,0.0,99.2,128.0,False
11350507607,Morning Run,8089.2,2295,2372,79.0,Run,2024-05-07T05:56:47Z,3.525,5.585,143.8,176.0,False
11348313719,Night Weight Training,0.0,4198,4198,0.0,WeightTraining,2024-05-06T19:27:35Z,0.0,0.0,104.6,130.0,False
11348313235,Lunch Weight Training,0.0,3638,3638,0.0,WeightTraining,2024-05-04T10:30:25Z,0.0,0.0,90.9,126.0,False
11323354627,Afternoon Swim,1600.0,1781,2307,0.0,Swim,2024-05-03T15:08:00Z,0.898,1.39,133.6,163.0,False
11313997443,Lunch Weight Training,0.0,2524,2524,0.0,WeightTraining,2024-05-02T09:51:08Z,0.0,0.0,79.6,110.0,False
11310792924,Night Weight Training,0.0,3982,3982,0.0,WeightTraining,2024-05-01T19:20:31Z,0.0,0.0,85.6,117.0,False
11309986133,Afternoon Hike,7755.0,6688,10111,62.0,Hike,2024-05-01T12:38:15Z,1.16,27.036,71.4,115.0,False
11300238120,Evening Run,9326.0,2902,3069,84.0,Run,2024-04-30T16:23:52Z,3.214,6.022,142.8,161.0,False
11300238026,Lunch Hike,7746.6,6575,9916,431.0,Hike,2024-04-30T09:55:29Z,1.178,4.31,85.3,116.0,False
11293956347,Night Weight Training,0.0,3809,3809,0.0,WeightTraining,2024-04-29T19:07:48Z,0.0,0.0,95.0,135.0,False
11285325868,Afternoon Weight Training,0.0,4727,4727,0.0,WeightTraining,2024-04-28T15:18:05Z,0.0,0.0,92.7,130.0,False
11274779091,Brick-Run,8070.5,2446,2518,54.0,Run,2024-04-27T11:10:13Z,3.299,4.57,159.8,176.0,False
11274316373,Brick-Bike,45623.3,5761,5867,405.0,Ride,2024-04-27T09:16:47Z,7.919,15.79,139.2,165.0,False
11270828973,Night Weight Training,0.0,4404,4404,0.0,WeightTraining,2024-04-26T19:25:26Z,0.0,0.0,95.0,126.0,False
11268862102,Afternoon Swim,2250.0,2529,3539,0.0,Swim,2024-04-26T14:10:23Z,0.89,10.556,122.6,166.0,False
11262990616,Evening Weight Training,0.0,4026,4026,0.0,WeightTraining,2024-04-25T16:23:53Z,0.0,0.0,80.3,128.0,False
11259997996,Lunch Swim,0.0,970,988,0.0,Swim,2024-04-25T10:09:56Z,0.0,0.0,117.5,134.0,False
11255477321,Evening Weight Training,0.0,3964,3964,0.0,WeightTraining,2024-04-24T16:37:48Z,0.0,0.0,92.2,126.0,False
11248926242,Evening Weight Training,0.0,4149,4149,0.0,WeightTraining,2024-04-23T18:35:38Z,0.0,0.0,92.1,119.0,False
11244047684,Morning Run,5004.7,1249,1342,39.0,Run,2024-04-23T07:25:18Z,4.007,5.337,135.5,150.0,False
11233985199,Evening Weight Training,0.0,4306,4306,0.0,WeightTraining,2024-04-21T16:04:32Z,0.0,0.0,101.7,132.0,False
11231814367,Afternoon Run,10446.3,3027,3255,66.0,Run,2024-04-21T12:28:21Z,3.451,4.62,144.5,156.0,False
11230012449,Lunch Swim,2050.0,2349,3529,0.0,Swim,2024-04-21T09:02:14Z,0.873,5.0,127.3,162.0,False
11222976555,Lunch Weight Training,0.0,4460,4460,0.0,WeightTraining,2024-04-20T10:14:21Z,0.0,0.0,94.8,124.0,False
11218703077,Recovery Run,11100.9,3364,3374,91.0,Run,2024-04-19T17:58:16Z,3.3,6.952,135.3,155.0,False
11210728085,Afternoon Weight Training,0.0,3672,3672,0.0,WeightTraining,2024-04-18T14:59:35Z,0.0,0.0,95.0,126.0,False
11208710700,Lunch Swim,1500.0,1782,2036,0.0,Swim,2024-04-18T10:09:01Z,0.842,0.963,119.9,145.0,False
11204561957,Evening Weight Training,0.0,4688,4688,0.0,WeightTraining,2024-04-17T16:59:18Z,0.0,0.0,96.2,123.0,False
11196037081,Track session,7793.3,2394,2440,12.0,Run,2024-04-16T15:49:55Z,3.255,5.819,148.6,177.0,False
11190185584,Evening Weight Training,0.0,4051,4051,0.0,WeightTraining,2024-04-15T18:29:06Z,0.0,0.0,99.1,132.0,False
11182166860,Afternoon Swim,1600.0,1819,3434,0.0,Swim,2024-04-14T14:52:21Z,0.88,5.518,115.4,149.0,False
11182165992,Lunch Weight Training,0.0,5053,5053,0.0,WeightTraining,2024-04-14T10:39:31Z,0.0,0.0,83.7,131.0,False
11173495452,Afternoon Ride,70499.5,8848,11186,463.0,Ride,2024-04-13T13:02:32Z,7.968,14.933,144.4,172.0,False
11167292903,Evening Weight Training,0.0,4687,4687,0.0,WeightTraining,2024-04-12T16:54:02Z,0.0,0.0,91.3,119.0,False
11162390485,Morning Run,7709.6,2002,2107,69.0,Run,2024-04-12T06:56:46Z,3.851,5.194,161.7,186.0,False
11162389952,Evening Weight Training,0.0,3019,3019,0.0,WeightTraining,2024-04-11T18:49:00Z,0.0,0.0,95.5,140.0,False
11157676578,Afternoon Swim,2000.0,2383,2955,0.0,Swim,2024-04-11T14:21:57Z,0.839,3.75,124.8,163.0,False
11157675497,Evening Weight Training,0.0,2783,2783,0.0,WeightTraining,2024-04-10T17:54:09Z,0.0,0.0,101.1,137.0,False
11130201534,home from gym,11998.4,3544,3581,143.0,Run,2024-04-07T18:25:36Z,3.386,5.582,149.0,178.0,False
11130200034,Evening Weight Training,0.0,3922,3922,0.0,WeightTraining,2024-04-07T17:17:18Z,0.0,0.0,90.9,122.0,False
11130199303,Lunch Weight Training,0.0,4143,4143,0.0,WeightTraining,2024-04-06T10:40:47Z,0.0,0.0,79.6,107.0,False
11112140897,Afternoon Hike,2176.4,2592,4607,0.0,Hike,2024-04-05T13:31:25Z,0.84,2.232,78.5,98.0,False
11111452374,Lunch Hike,2446.3,3216,6342,654.0,Hike,2024-04-05T10:35:28Z,0.761,3.644,101.6,141.0,False
11107492150,Post Workout Treadmill Tempo,4657.7,1166,1195,0.0,Run,2024-04-04T19:32:42Z,3.995,4.435,131.1,149.0,False
11107491778,Evening Weight Training,0.0,3909,3909,0.0,WeightTraining,2024-04-04T18:26:09Z,0.0,0.0,87.4,126.0,False
11107491135,Evening Weight Training,0.0,4783,4783,0.0,WeightTraining,2024-04-03T18:16:06Z,0.0,0.0,86.6,123.0,False
11097001913,Lunch Hike,4631.7,4990,7089,348.0,Hike,2024-04-03T09:25:17Z,0.928,2.564,87.7,132.0,False
11096999156,Evening Weight Training,0.0,4514,4514,0.0,WeightTraining,2024-04-02T17:01:28Z,0.0,0.0,74.0,108.0,False
11088705008,Morning Swim,1000.0,1256,1426,0.0,Swim,2024-04-02T05:27:03Z,0.796,0.926,106.5,124.0,False
11083293545,Lunch Nordic Ski,5297.8,2716,3936,113.0,NordicSki,2024-04-01T10:47:14Z,1.951,13.154,89.1,124.0,False
11079802414,Evening Weight Training,0.0,5000,5000,0.0,WeightTraining,2024-03-31T18:57:34Z,0.0,0.0,87.9,140.0,False
11075924217,Lunch Hike,1283.6,1091,2604,66.0,Hike,2024-03-31T10:49:25Z,1.177,4.1,102.2,134.0,False
11075922677,Lunch Weight Training,0.0,4706,4706,0.0,WeightTraining,2024-03-30T11:03:05Z,0.0,0.0,86.7,128.0,False
11059536771,Morning Run,7584.1,2392,2400,46.0,Run,2024-03-29T06:37:15Z,3.171,6.09,149.0,176.0,False
11059536041,Afternoon Weight Training,0.0,2903,2903,0.0,WeightTraining,2024-03-28T16:51:39Z,0.0,0.0,86.4,124.0,False
11051018645,Evening Swim,1500.0,1841,2137,0.0,Swim,2024-03-27T19:08:31Z,0.815,2.084,108.6,138.0,False
11044734582,Evening Weight Training,0.0,3814,3814,0.0,WeightTraining,2024-03-26T19:44:51Z,0.0,0.0,86.0,126.0,False
11040079999,Morning Ride,23539.8,3116,3135,259.0,Ride,2024-03-26T08:36:41Z,7.554,15.14,144.2,169.0,False
11037962313,Night Weight Training,0.0,4140,4140,0.0,WeightTraining,2024-03-25T20:22:33Z,0.0,0.0,97.0,130.0,False
11030787890,Evening Weight Training,0.0,3215,3215,0.0,WeightTraining,2024-03-24T17:52:57Z,0.0,0.0,95.3,125.0,False
11028303861,Lunch Run and dip in the lake,14493.6,4236,4386,66.0,Run,2024-03-24T11:55:52Z,3.422,4.862,152.4,178.0,False
11022681691,Afternoon Swim,1400.0,1655,2698,0.0,Swim,2024-03-23T14:07:37Z,0.846,12.5,87.5,124.0,False
11020026818,Morning Weight Training,0.0,4468,4468,0.0,WeightTraining,2024-03-23T09:55:19Z,0.0,0.0,87.5,115.0,False
11009228078,Afternoon Ride,19406.9,2817,2841,222.0,Ride,2024-03-21T16:46:26Z,6.889,18.624,141.4,171.0,False
11007994404,Afternoon Weight Training,0.0,3883,3883,0.0,WeightTraining,2024-03-21T13:20:38Z,0.0,0.0,86.0,117.0,False
11003162623,Evening Swim,1100.0,1496,1950,0.0,Swim,2024-03-20T19:12:41Z,0.735,4.208,104.9,124.0,False
10993649927,Afternoon Weight Training,0.0,3894,3894,0.0,WeightTraining,2024-03-19T14:48:53Z,0.0,0.0,87.4,122.0,False
10990732277,Morning Run,5426.6,1462,1569,49.0,Run,2024-03-19T06:44:18Z,3.712,5.362,139.4,151.0,False
10987935869,Evening Weight Training,0.0,5727,5727,0.0,WeightTraining,2024-03-18T17:35:50Z,0.0,0.0,100.3,136.0,False
10985941723,Evening Weight Training,0.0,5207,5207,0.0,WeightTraining,2024-03-17T17:12:02Z,0.0,0.0,90.7,128.0,False
10977360331,Morning Ride,60593.6,8321,9657,360.0,Ride,2024-03-17T07:55:09Z,7.282,13.619,135.8,167.0,False
10956656180,Morning Weight Training,0.0,5363,5363,0.0,WeightTraining,2024-03-14T09:04:06Z,0.0,0.0,79.3,118.0,False
10953313680,Evening Swim,1550.0,1928,2529,0.0,Swim,2024-03-13T19:08:27Z,0.804,4.166,124.2,146.0,False
10949788523,Lunch Run,4500.0,1239,1240,0.0,Run,2024-03-13T11:17:11Z,3.632,4.248,126.4,148.0,False
10941480551,Lower Body Guided Foam Roll,0.0,376,376,0.0,Workout,2024-03-12T08:24:53Z,0.0,0.0,,,False
10941454681,Light stretching and bodyweight mobility,0.0,430,430,0.0,Workout,2024-03-12T08:17:06Z,0.0,0.0,,,False
10939280192,Night Weight Training,0.0,4965,4965,0.0,WeightTraining,2024-03-11T20:16:03Z,0.0,0.0,97.3,124.0,False
10928292240,Zone 2 training,21097.7,6999,7127,94.0,Run,2024-03-10T08:09:51Z,3.014,4.201,148.7,171.0,False
10924611071,Afternoon Weight Training,0.0,3819,3819,0.0,WeightTraining,2024-03-09T15:40:02Z,0.0,0.0,94.4,127.0,False
10921469772,Morning Swim,1275.0,1536,2153,0.0,Swim,2024-03-09T09:43:40Z,0.83,1.0,128.8,167.0,False
10910795380,Afternoon Weight Training,0.0,4522,4522,0.0,WeightTraining,2024-03-07T15:05:25Z,0.0,0.0,85.1,140.0,False
10904262794,Evening Yoga,0.0,602,602,0.0,Yoga,2024-03-05T17:56:00Z,0.0,0.0,79.1,100.0,False
10893836790,Morning Swim,1000.0,1215,1294,0.0,Swim,2024-03-05T08:18:50Z,0.823,2.5,123.9,144.0,False
10879169284,Morning Run,8770.5,2494,2740,37.0,Run,2024-03-03T07:06:44Z,3.517,4.302,156.7,179.0,False
10879167648,Morning Swim,1000.0,1186,1502,0.0,Swim,2024-03-02T09:18:26Z,0.843,3.572,108.7,130.0,False
10879167029,Morning Swim,500.0,648,1454,0.0,Swim,2024-02-27T08:09:47Z,0.772,0.926,125.0,156.0,False
10879166340,Night Run,7103.6,2433,2707,54.0,Run,2024-02-14T22:21:42Z,2.92,6.375,152.9,187.0,False
10879164969,Night Swim,825.0,976,1458,0.0,Swim,2024-02-13T22:05:15Z,0.845,7.5,136.2,162.0,False
10879164318,Afternoon Weight Training,0.0,3745,3745,0.0,WeightTraining,2024-02-08T16:54:54Z,0.0,0.0,92.2,128.0,False
10879163278,Morning Weight Training,0.0,5010,5010,0.0,WeightTraining,2024-02-08T09:36:12Z,0.0,0.0,102.7,125.0,False
10879162288,Afternoon Alpine Ski,25210.2,2566,7131,0.0,AlpineSki,2024-02-05T13:22:36Z,9.825,31.392,105.9,123.0,False
10879158634,Morning Alpine Ski,31808.8,3241,11793,0.0,AlpineSki,2024-02-05T08:56:24Z,9.815,26.97,100.8,122.0,False
10879153566,Lunch Weight Training,0.0,3681,3681,0.0,WeightTraining,2024-02-04T10:07:20Z,0.0,0.0,95.8,137.0,False
10688370865,Afternoon Swim,1000.0,1136,1707,0.0,Swim,2024-02-03T15:14:28Z,0.88,4.166,107.5,140.0,False
10686770429,Lunch Weight Training,0.0,4895,4895,0.0,WeightTraining,2024-02-03T10:50:02Z,0.0,0.0,101.5,145.0,False
10675978471,FIRST SWIM,1025.0,1331,2110,0.0,Swim,2024-02-01T17:45:34Z,0.77,3.802,140.0,162.0,False
10675977830,Afternoon Weight Training,0.0,5000,5000,0.0,WeightTraining,2024-02-01T13:55:15Z,0.0,0.0,102.8,137.0,False
10661406117,Afternoon Weight Training,0.0,3876,3876,0.0,WeightTraining,2024-01-30T15:04:50Z,0.0,0.0,108.4,144.0,False
9957606216,Night Run,6491.6,1949,2061,45.5,Run,2023-10-01T18:30:55Z,3.331,5.662,,,False
10653818844,Afternoon Weight Training,0.0,5638,5638,0.0,WeightTraining,2023-08-03T13:59:01Z,0.0,0.0,103.8,139.0,False
9404713060,Lunch Ride,31507.0,5776,6541,2212.9,Ride,2023-07-07T08:54:11Z,5.455,16.97,,,False
10653814981,Morning Run,6014.9,2266,2267,50.0,Run,2023-02-18T03:35:34Z,2.654,4.672,131.4,156.0,False
8515462808,Morning Alpine Ski,45465.0,5378,20448,0.0,AlpineSki,2023-02-06T09:53:32Z,8.454,25.81,106.5,136.0,False
8509970644,Lunch Alpine Ski,21447.6,3129,8600,0.0,AlpineSki,2023-02-05T11:50:40Z,6.854,30.742,107.0,158.0,False
8509963937,Morning Alpine Ski,13524.6,1924,4175,0.0,AlpineSki,2023-02-05T09:29:33Z,7.029,20.83,89.6,112.0,False
8509959697,Morning Mountain Bike Ride,6046.8,2641,5825,331.0,Ride,2022-08-20T08:17:01Z,2.29,13.438,131.0,161.0,False
7468555410,Afternoon Weight Training,0.0,6698,6698,0.0,WeightTraining,2022-07-14T14:50:16Z,0.0,0.0,99.9,135.0,False
7468555306,Afternoon Weight Training,0.0,3939,3939,0.0,WeightTraining,2022-07-13T15:28:40Z,0.0,0.0,104.2,141.0,False
7457575667,Afternoon Weight Training,0.0,5841,5841,0.0,WeightTraining,2022-07-12T14:59:55Z,0.0,0.0,101.5,136.0,False
7451960723,Afternoon Weight Training,0.0,5229,5229,0.0,WeightTraining,2022-07-11T15:13:15Z,0.0,0.0,106.9,149.0,False
7447409855,Afternoon Mountain Bike Ride,23045.1,5580,7297,719.0,Ride,2022-07-10T15:15:35Z,4.13,15.598,128.9,165.0,False
7435821615,Afternoon Weight Training,0.0,4353,4353,0.0,WeightTraining,2022-07-08T14:27:11Z,0.0,0.0,94.5,124.0,False
7430695048,Afternoon Weight Training,0.0,4629,4629,0.0,WeightTraining,2022-07-07T14:01:49Z,0.0,0.0,97.1,127.0,False
7425749611,Evening Weight Training,0.0,4861,4861,0.0,WeightTraining,2022-07-06T16:05:49Z,0.0,0.0,110.4,154.0,False
7420040838,Afternoon Weight Training,0.0,5620,5620,0.0,WeightTraining,2022-07-05T15:18:52Z,0.0,0.0,100.8,125.0,False
7403113838,Afternoon Ride,50561.6,8264,10081,4070.9,Ride,2022-07-02T11:15:32Z,6.118,20.766,,,False
7401846839,Lunch Ride,54029.2,9892,11214,3959.1,Ride,2022-07-02T07:20:57Z,5.462,18.992,,,False
7392765979,Morgins chiller,34674.5,7303,8222,2365.7,Ride,2022-06-30T11:09:17Z,4.748,19.138,,,False
7391953454,Morning Mountain Bike Ride,27999.4,4164,8439,125.0,Ride,2022-06-30T07:52:57Z,6.724,14.232,111.6,152.0,False
7387555778,Morning Mountain Bike Ride,61215.1,10892,20623,3107.4,Ride,2022-06-29T07:53:43Z,5.62,15.718,114.8,166.0,False
7381972092,Morning Mountain Bike Ride,67104.7,12640,23692,3415.0,Ride,2022-06-28T07:22:42Z,5.309,15.619,116.0,167.0,False
7377067669,Afternoon Weight Training,0.0,5186,5186,0.0,WeightTraining,2022-06-27T13:08:26Z,0.0,0.0,93.6,132.0,False
7377067469,Afternoon Weight Training,0.0,4536,4536,0.0,WeightTraining,2022-06-24T14:20:43Z,0.0,0.0,103.5,139.0,False
7351449142,Afternoon Weight Training,0.0,5222,5222,0.0,WeightTraining,2022-06-22T15:19:56Z,0.0,0.0,112.6,159.0,False
7343419682,Morning Mountain Bike Ride,19727.6,4717,5084,486.0,Ride,2022-06-21T06:58:38Z,4.182,13.764,129.0,173.0,False
7323859111,Afternoon Weight Training,0.0,4672,4672,0.0,WeightTraining,2022-06-17T12:55:46Z,0.0,0.0,108.9,148.0,False
7318347855,Afternoon Mountain Bike Ride,8602.4,2933,3035,411.0,Ride,2022-06-16T12:23:35Z,2.933,12.71,145.0,172.0,False
7314224580,Evening Weight Training,0.0,5077,5077,0.0,WeightTraining,2022-06-15T16:32:14Z,0.0,0.0,106.6,162.0,False
7308389719,Evening Weight Training,0.0,4330,4330,0.0,WeightTraining,2022-06-14T16:16:39Z,0.0,0.0,104.7,137.0,False
7306139157,Morning Mountain Bike Ride,21912.7,5407,5921,653.0,Ride,2022-06-14T08:13:31Z,4.053,16.65,130.6,165.0,False
7303233924,Evening Weight Training,0.0,5224,5224,0.0,WeightTraining,2022-06-13T16:28:35Z,0.0,0.0,94.5,145.0,False
7296530729,Morning Mountain Bike Ride,38219.8,9494,19420,2700.0,Ride,2022-06-12T07:20:02Z,4.026,16.324,127.7,162.0,False
7291006778,Morning Mountain Bike Ride,39546.8,9906,18521,2795.6,Ride,2022-06-11T08:10:45Z,3.992,15.622,125.4,177.0,False
7282391701,Evening Weight Training,0.0,4513,4513,0.0,WeightTraining,2022-06-09T18:44:35Z,0.0,0.0,98.6,138.0,False
7271930355,Evening Activity,0.0,5279,5279,0.0,WeightTraining,2022-06-07T18:47:00Z,0.0,0.0,101.5,147.0,False
7270476817,Afternoon Ride,5873.4,1692,1764,196.0,Ride,2022-06-07T15:50:59Z,3.471,15.686,124.6,148.0,False
7265116731,Afternoon Activity,0.0,4108,4108,0.0,WeightTraining,2022-06-06T14:49:41Z,0.0,0.0,97.8,133.0,False
7263441148,Morning Ride,20815.9,5564,7420,601.0,Ride,2022-06-06T08:24:11Z,3.741,16.538,126.6,157.0,False
7260294144,Afternoon Activity,0.0,5000,5000,0.0,WeightTraining,2022-06-05T15:04:01Z,0.0,0.0,113.8,153.0,False
7254299497,Afternoon Activity,0.0,5504,5504,0.0,WeightTraining,2022-06-04T14:11:38Z,0.0,0.0,93.0,126.0,False
7249559692,Evening Activity,0.0,4388,4388,0.0,WeightTraining,2022-06-03T17:09:47Z,0.0,0.0,87.1,123.0,False
7223916997,Afternoon Activity,0.0,3868,3868,0.0,WeightTraining,2022-05-29T13:08:24Z,0.0,0.0,98.2,135.0,False
7207713913,Evening Activity,0.0,2394,2394,0.0,WeightTraining,2022-05-26T18:48:17Z,0.0,0.0,93.8,135.0,False
7205646397,Afternoon Ride,8306.6,1221,1332,30.0,Ride,2022-05-26T12:43:46Z,6.803,13.322,115.2,148.0,False
7205359294,Afternoon Ride,8373.4,1288,1477,26.0,Ride,2022-05-26T11:48:04Z,6.501,12.794,121.9,153.0,False
7205115254,Lunch Ride,8777.1,1303,1318,17.0,Ride,2022-05-26T10:56:59Z,6.736,12.714,133.0,180.0,False
7204709295,Lunch Ride,8304.1,1317,1553,22.0,Ride,2022-05-26T09:41:12Z,6.305,11.516,132.8,174.0,False
7199058016,Evening Activity,0.0,7195,7195,0.0,WeightTraining,2022-05-24T16:10:50Z,0.0,0.0,103.5,136.0,False
7191109007,Evening Activity,0.0,4483,4483,0.0,WeightTraining,2022-05-23T16:26:48Z,0.0,0.0,106.0,135.0,False
7189733970,Afternoon Ride,17613.7,5047,5748,624.0,Ride,2022-05-23T11:39:21Z,3.49,16.444,130.6,167.0,False
7183881356,Lunch Activity,0.0,5092,5092,0.0,WeightTraining,2022-05-22T09:15:03Z,0.0,0.0,101.9,147.0,False
7180307897,Evening Activity,0.0,3542,3542,0.0,WeightTraining,2022-05-21T16:32:53Z,0.0,0.0,104.0,139.0,False
7175237540,Evening Activity,0.0,3935,3935,0.0,WeightTraining,2022-05-20T17:52:20Z,0.0,0.0,108.8,138.0,False
7168726433,Afternoon Ride,8575.4,2936,3409,418.0,Ride,2022-05-19T13:08:16Z,2.921,13.662,123.1,148.0,False
7163379445,Afternoon Activity,0.0,5712,5712,0.0,WeightTraining,2022-05-18T12:55:15Z,0.0,0.0,111.0,158.0,False
7154047884,Afternoon Activity,0.0,5272,5272,0.0,WeightTraining,2022-05-16T15:36:39Z,0.0,0.0,105.2,134.0,False
7142206548,Afternoon Ride,8797.8,1446,1624,5.0,Ride,2022-05-14T15:47:47Z,6.084,13.514,112.6,162.0,False
7140988344,Afternoon Ride,7110.2,1459,2156,31.0,Ride,2022-05-14T12:51:26Z,4.873,13.886,126.6,158.0,False
7140187527,Morning Ride,31790.1,6284,11633,383.0,Ride,2022-05-14T08:21:12Z,5.059,14.11,112.0,162.0,False
7135963406,Afternoon Ride,27840.9,4958,9400,81.0,Ride,2022-05-13T12:48:18Z,5.615,14.994,126.4,171.0,False
7134672351,Morning Ride,16136.1,5329,9331,437.0,Ride,2022-05-13T07:27:29Z,3.028,10.607,121.4,161.0,False
7130479933,Afternoon Ride,13148.2,2695,5832,102.0,Ride,2022-05-12T12:50:59Z,4.879,15.04,123.5,162.0,False
7129448247,Morning Ride,15744.3,3763,8494,169.0,Ride,2022-05-12T07:49:41Z,4.184,12.726,122.5,168.0,False
7126099372,Afternoon Ride,2912.1,444,471,11.0,Ride,2022-05-11T14:52:40Z,6.559,14.23,126.2,160.0,False
7124736677,Afternoon Ride,14814.9,2834,3755,116.0,Ride,2022-05-11T12:39:15Z,5.228,13.308,133.3,168.0,False
7123823534,Lunch Ride,13408.7,2267,2983,33.0,Ride,2022-05-11T09:26:42Z,5.915,13.9,129.9,169.0,False
7123512961,Morning Ride,9766.2,1688,2133,58.0,Ride,2022-05-11T07:39:37Z,5.786,12.632,135.8,180.0,False
7117802523,Morning Activity,0.0,5647,5647,0.0,WeightTraining,2022-05-10T08:15:18Z,0.0,0.0,105.2,142.0,False
7114498785,Evening Activity,0.0,4097,4097,0.0,WeightTraining,2022-05-09T16:16:58Z,0.0,0.0,117.4,146.0,False
7109337504,Afternoon Ride,6141.6,1655,1791,206.0,Ride,2022-05-08T14:52:48Z,3.711,12.64,134.9,158.0,False
7101488616,Morning Activity,0.0,5186,5186,0.0,WeightTraining,2022-05-07T08:49:05Z,0.0,0.0,111.1,152.0,False
7097951548,Afternoon Activity,0.0,4056,4056,0.0,WeightTraining,2022-05-06T14:40:02Z,0.0,0.0,108.0,136.0,False
7093303327,Afternoon Activity,0.0,6176,6176,0.0,WeightTraining,2022-05-05T15:33:32Z,0.0,0.0,120.0,165.0,False
7090560030,Morning Run,1636.0,459,493,40.0,Run,2022-05-05T06:38:03Z,3.564,4.928,136.9,153.0,False
7086878553,Afternoon Activity,0.0,5051,5051,0.0,WeightTraining,2022-05-04T12:32:43Z,0.0,0.0,87.6,125.0,False
7086878535,Afternoon Activity,0.0,4219,4219,0.0,WeightTraining,2022-05-03T15:16:34Z,0.0,0.0,98.1,134.0,False
7070495758,Morning Ride,38062.6,16307,19689,1693.0,Ride,2022-05-01T07:41:02Z,2.334,15.188,138.1,174.0,False
7064941312,Training,32981.1,14273,20438,1682.0,Ride,2022-04-30T07:58:50Z,2.311,18.653,141.7,175.0,False
7055899888,Evening Activity,0.0,4520,4520,0.0,WeightTraining,2022-04-28T16:33:38Z,0.0,0.0,124.4,161.0,False
7054825626,Afternoon Ride,31137.1,8466,9225,959.0,Ride,2022-04-28T12:25:32Z,3.678,15.194,148.7,174.0,False
7054814245,Evening Activity,0.0,4882,4882,0.0,WeightTraining,2022-04-27T18:39:57Z,0.0,0.0,117.3,180.0,False
7024409314,Evening Activity,0.0,4262,4262,0.0,WeightTraining,2022-04-22T18:59:32Z,0.0,0.0,112.2,162.0,False
7024409273,Morning Activity,0.0,4264,4264,0.0,WeightTraining,2022-04-16T08:17:02Z,0.0,0.0,103.2,137.0,False
7024409214,Afternoon Activity,0.0,3809,3809,0.0,WeightTraining,2022-04-14T15:28:44Z,0.0,0.0,113.6,144.0,False
7024409184,Evening Activity,0.0,4262,4262,0.0,WeightTraining,2022-04-13T16:37:02Z,0.0,0.0,103.1,136.0,False
6963567341,Morning Activity,0.0,3300,3300,0.0,WeightTraining,2022-04-11T07:44:23Z,0.0,0.0,93.1,120.0,False
6961867673,Evening Activity,0.0,3137,3137,0.0,WeightTraining,2022-04-10T18:26:30Z,0.0,0.0,95.8,132.0,False
6961170954,Evening Ride,5849.0,1585,2602,204.0,Ride,2022-04-10T16:00:34Z,3.69,15.024,122.3,150.0,False
6955773707,Evening Activity,0.0,3733,3733,0.0,WeightTraining,2022-04-09T16:35:01Z,0.0,0.0,100.5,146.0,False
6950893485,Evening Activity,0.0,3282,3282,0.0,WeightTraining,2022-04-08T18:35:06Z,0.0,0.0,110.1,146.0,False
6936060616,Evening Run,3915.8,1218,1219,96.0,Run,2022-04-05T17:07:43Z,3.215,5.328,163.4,184.0,False
6929094409,Morning Activity,0.0,3492,3492,0.0,WeightTraining,2022-04-04T07:16:12Z,0.0,0.0,109.4,136.0,False
6917846136,Afternoon Activity,0.0,5530,5530,0.0,WeightTraining,2022-04-01T14:55:49Z,0.0,0.0,107.5,137.0,False
6902679525,Evening Activity,0.0,5647,5647,0.0,WeightTraining,2022-03-29T16:08:35Z,0.0,0.0,108.7,145.0,False
6886535329,Afternoon Activity,0.0,4531,4531,0.0,WeightTraining,2022-03-26T15:23:51Z,0.0,0.0,104.8,140.0,False
6881414020,Afternoon Activity,0.0,5725,5725,0.0,WeightTraining,2022-03-25T16:36:12Z,0.0,0.0,114.7,145.0,False
6880519433,Afternoon Ride,20409.5,5760,6572,774.0,Ride,2022-03-25T13:21:01Z,3.543,15.54,147.2,176.0,False
6876882253,Evening Activity,0.0,5006,5006,0.0,WeightTraining,2022-03-24T17:52:16Z,0.0,0.0,110.1,144.0,False
6857868511,Morning Activity,0.0,3942,3942,0.0,WeightTraining,2022-03-21T08:01:59Z,0.0,0.0,109.6,138.0,False
6854262681,Afternoon Ride,7497.3,1801,3424,250.0,Ride,2022-03-20T13:35:48Z,4.163,14.394,140.2,169.0,False
6847391895,Lunch Activity,0.0,4546,4546,0.0,WeightTraining,2022-03-19T10:05:09Z,0.0,0.0,106.7,143.0,False
6847391655,Afternoon Activity,0.0,4688,4688,0.0,WeightTraining,2022-03-18T16:23:51Z,0.0,0.0,117.2,150.0,False
6847391531,Evening Activity,0.0,4620,4620,0.0,WeightTraining,2022-03-16T19:05:51Z,0.0,0.0,107.1,137.0,False
6821773546,Morning Activity,0.0,4374,4374,0.0,WeightTraining,2022-03-14T09:01:39Z,0.0,0.0,112.0,153.0,False
6818841763,Afternoon Activity,0.0,5984,5984,0.0,WeightTraining,2022-03-13T14:40:47Z,0.0,0.0,117.8,170.0,False
6816547842,Lunch Ride,5975.5,1429,1491,206.0,Ride,2022-03-13T10:31:59Z,4.182,15.464,139.2,169.0,False
6813338231,Afternoon Ride,26141.8,4398,8325,625.0,Ride,2022-03-12T14:21:57Z,5.944,33.068,118.2,178.0,False
6811348677,Morning Activity,0.0,4790,4790,0.0,WeightTraining,2022-03-12T09:17:38Z,0.0,0.0,111.2,148.0,False
6809141363,Night Activity,0.0,3222,3222,0.0,WeightTraining,2022-03-11T21:09:58Z,0.0,0.0,120.4,149.0,False
6783033432,Afternoon Activity,0.0,5203,5203,0.0,WeightTraining,2022-03-06T13:35:52Z,0.0,0.0,104.3,145.0,False
6776777864,Lunch Ride,26821.3,5157,11418,225.0,Ride,2022-03-05T11:22:38Z,5.201,14.97,123.1,172.0,False
6775336045,Morning Ride,15946.4,3403,6782,163.0,Ride,2022-03-05T08:52:05Z,4.686,14.312,126.2,163.0,False
6772666785,Evening Activity,0.0,5423,5423,0.0,WeightTraining,2022-03-04T17:02:58Z,0.0,0.0,118.0,163.0,False
6771936722,Afternoon Ride,5586.4,1450,2288,194.0,Ride,2022-03-04T15:12:47Z,3.853,14.56,129.3,161.0,False
6767549807,Afternoon Activity,0.0,5387,5387,0.0,WeightTraining,2022-03-03T15:34:13Z,0.0,0.0,108.7,138.0,False
6767549731,Evening Activity,0.0,3677,3677,0.0,WeightTraining,2022-03-02T18:27:25Z,0.0,0.0,106.6,134.0,False
6767549613,Morning Activity,0.0,3971,3971,0.0,WeightTraining,2022-02-28T09:27:28Z,0.0,0.0,104.3,133.0,False
6739875742,Morning Activity,0.0,4098,4098,0.0,WeightTraining,2022-02-26T09:55:36Z,0.0,0.0,114.8,160.0,False
6736673712,Afternoon Activity,0.0,3670,3670,0.0,WeightTraining,2022-02-25T16:00:34Z,0.0,0.0,112.6,140.0,False
6731458687,Morning Activity,0.0,4071,4071,0.0,WeightTraining,2022-02-24T09:06:01Z,0.0,0.0,100.0,136.0,False
6731457796,Afternoon Activity,0.0,3815,3815,0.0,WeightTraining,2022-02-23T14:51:34Z,0.0,0.0,92.5,126.0,False
6730755168,Morning Activity,0.0,3654,3654,0.0,WeightTraining,2022-02-22T09:34:26Z,0.0,0.0,100.8,131.0,False
6715028161,Morning Activity,0.0,2859,2859,0.0,WeightTraining,2022-02-21T07:34:17Z,0.0,0.0,110.7,145.0,False
6712942839,Afternoon Activity,0.0,3629,3629,0.0,WeightTraining,2022-02-20T16:52:04Z,0.0,0.0,116.3,143.0,False
6712040729,Afternoon Ride,15467.7,5187,7126,657.0,Ride,2022-02-20T13:04:31Z,2.982,12.946,132.0,164.0,False
6705651313,Morning Activity,45938.6,4459,13333,0.0,AlpineSki,2022-02-19T08:15:23Z,10.302,25.106,109.2,168.0,False
6702948495,Afternoon Activity,0.0,3953,3953,0.0,WeightTraining,2022-02-18T16:29:20Z,0.0,0.0,105.6,148.0,False
6702947897,Afternoon Activity,17405.0,1756,4984,0.0,AlpineSki,2022-02-18T14:07:01Z,9.912,23.894,105.4,132.0,False
6702946266,Morning Activity,0.0,4268,4268,0.0,WeightTraining,2022-02-18T09:04:46Z,0.0,0.0,91.9,125.0,False
6702945666,Afternoon Activity,0.0,3939,3939,0.0,WeightTraining,2022-02-16T15:43:54Z,0.0,0.0,105.1,140.0,False
6702863912,Evening Activity,0.0,3659,3659,0.0,WeightTraining,2022-02-15T18:40:03Z,0.0,0.0,113.5,146.0,False
6678674441,Afternoon Activity,0.0,2834,2834,0.0,WeightTraining,2022-02-13T16:52:11Z,0.0,0.0,111.1,133.0,False
6669947104,Morning Ride,10097.7,2810,3149,363.0,Ride,2022-02-12T09:06:26Z,3.593,14.212,136.3,173.0,False
6666578364,Afternoon Activity,0.0,3759,3759,0.0,WeightTraining,2022-02-11T14:35:14Z,0.0,0.0,111.3,149.0,False
6662642060,Evening Run,5048.1,1465,1474,221.0,Run,2022-02-10T18:33:23Z,3.446,4.652,144.7,176.0,False
6654558399,Morning Activity,0.0,3516,3516,0.0,WeightTraining,2022-02-09T07:58:38Z,0.0,0.0,118.9,149.0,False
6650991347,Afternoon Activity,0.0,3558,3558,0.0,WeightTraining,2022-02-08T15:31:28Z,0.0,0.0,107.1,135.0,False
6645195132,Afternoon Activity,0.0,3865,3865,0.0,WeightTraining,2022-02-07T13:07:24Z,0.0,0.0,107.8,132.0,False
6645194401,Afternoon Activity,0.0,2490,2490,0.0,WeightTraining,2022-02-03T15:00:30Z,0.0,0.0,119.3,143.0,False
6621400457,Afternoon Activity,0.0,3660,3660,0.0,WeightTraining,2022-02-02T13:22:44Z,0.0,0.0,100.7,131.0,False
6615306304,Afternoon Activity,0.0,4147,4147,0.0,WeightTraining,2022-02-01T14:59:48Z,0.0,0.0,113.9,166.0,False
6610965902,Afternoon Activity,0.0,5111,5111,0.0,WeightTraining,2022-01-31T13:09:40Z,0.0,0.0,107.3,154.0,False
6600686847,Afternoon Activity,0.0,2827,2827,0.0,WeightTraining,2022-01-29T16:55:21Z,0.0,0.0,112.6,149.0,False
6599304956,Evening Activity,0.0,3630,3630,0.0,WeightTraining,2022-01-27T19:00:01Z,0.0,0.0,112.2,141.0,False
6579854247,Afternoon Ride,21428.1,6183,7360,699.0,Ride,2022-01-25T14:03:08Z,3.466,14.723,133.1,174.0,False
6578265824,Morning Activity,0.0,3110,3110,0.0,WeightTraining,2022-01-25T09:34:14Z,0.0,0.0,112.2,144.0,False
6574657516,Afternoon Activity,0.0,2936,2936,0.0,WeightTraining,2022-01-24T15:11:46Z,0.0,0.0,122.1,149.0,False
6569841912,Lunch Activity,31802.1,4673,18825,0.0,AlpineSki,2022-01-23T10:07:29Z,6.805,23.733,116.1,163.0,False
6564338790,Afternoon Activity,0.0,3226,3226,0.0,WeightTraining,2022-01-22T15:32:18Z,0.0,0.0,113.3,141.0,False
6562106076,Morning Activity,0.0,3519,3519,0.0,WeightTraining,2022-01-22T09:35:55Z,0.0,0.0,111.8,146.0,False
6552769004,Morning Activity,0.0,4173,4173,0.0,WeightTraining,2022-01-20T09:58:54Z,0.0,0.0,111.0,140.0,False
6552768983,Afternoon Activity,0.0,2520,2520,0.0,WeightTraining,2022-01-18T15:12:39Z,0.0,0.0,123.0,152.0,False
6538887990,Afternoon Hike,9515.7,6506,8087,9.0,Hike,2022-01-17T13:21:50Z,1.463,8.474,101.0,131.0,False
6538882383,Afternoon Activity,0.0,3223,3223,0.0,WeightTraining,2022-01-14T15:07:17Z,0.0,0.0,129.0,156.0,False
6517668934,Afternoon Activity,0.0,3295,3295,0.0,WeightTraining,2022-01-13T15:03:14Z,0.0,0.0,123.0,154.0,False
6512084226,Afternoon Activity,0.0,3462,3462,0.0,WeightTraining,2022-01-12T14:05:09Z,0.0,0.0,123.5,159.0,False
6510455930,Evening Activity,0.0,1203,1203,0.0,Workout,2022-01-11T18:47:51Z,0.0,0.0,145.6,173.0,False
6503410762,Afternoon Activity,0.0,3387,3387,0.0,WeightTraining,2022-01-10T15:16:39Z,0.0,0.0,124.6,155.0,False
6488193054,Afternoon Activity,0.0,3738,3738,0.0,WeightTraining,2022-01-07T12:29:39Z,0.0,0.0,124.6,149.0,False
6481926771,Afternoon Run,5979.0,2056,2461,28.0,Run,2022-01-06T13:14:37Z,2.908,4.63,156.3,186.0,False
6461790936,Afternoon Activity,0.0,4312,4312,0.0,WeightTraining,2022-01-02T14:13:58Z,0.0,0.0,105.9,147.0,False
6456893330,Afternoon Activity,0.0,3408,3408,0.0,WeightTraining,2022-01-01T16:06:01Z,0.0,0.0,109.6,137.0,False
6452126069,Afternoon Activity,0.0,3164,3164,0.0,WeightTraining,2021-12-31T15:02:04Z,0.0,0.0,112.3,144.0,False
6452125784,Afternoon Activity,0.0,5253,5253,0.0,WeightTraining,2021-12-30T13:49:04Z,0.0,0.0,92.0,129.0,False
6436948288,Morning Activity,0.0,3611,3611,0.0,WeightTraining,2021-12-28T09:53:03Z,0.0,0.0,104.8,150.0,False
6433245904,Lunch Ride,5863.8,2451,3871,154.0,Ride,2021-12-27T11:34:55Z,2.392,13.132,114.9,149.0,False
6430641715,Evening Activity,0.0,3247,3247,0.0,WeightTraining,2021-12-26T17:15:41Z,0.0,0.0,112.9,149.0,False
6425081963,Morning Activity,0.0,3977,3977,0.0,WeightTraining,2021-12-25T09:39:39Z,0.0,0.0,112.4,157.0,False
6422836316,Afternoon Activity,0.0,3698,3698,0.0,WeightTraining,2021-12-24T14:39:50Z,0.0,0.0,115.0,149.0,False
6417596756,Morning Activity,0.0,3487,3487,0.0,WeightTraining,2021-12-23T07:50:32Z,0.0,0.0,113.4,154.0,False
6417596655,Lunch Activity,0.0,3505,3505,0.0,WeightTraining,2021-12-19T11:10:05Z,0.0,0.0,114.3,143.0,False
6399877385,Evening Activity,0.0,3167,3167,0.0,WeightTraining,2021-12-18T18:30:23Z,0.0,0.0,101.8,145.0,False
6399123691,Afternoon Run,3662.4,1031,1044,109.0,Run,2021-12-18T15:32:51Z,3.552,7.51,161.1,189.0,False
6399122697,Evening Activity,0.0,3670,3670,0.0,WeightTraining,2021-12-16T18:35:48Z,0.0,0.0,104.4,145.0,False
6375910907,Afternoon Activity,0.0,3183,3183,0.0,WeightTraining,2021-12-12T16:28:35Z,0.0,0.0,114.5,138.0,False
6375511744,Afternoon Ride,6122.7,1757,2021,259.0,Ride,2021-12-12T15:20:38Z,3.485,13.052,149.8,169.0,False
6370691887,Afternoon Activity,0.0,3132,3132,0.0,WeightTraining,2021-12-11T14:04:45Z,0.0,0.0,115.8,151.0,False
6367558050,Evening Activity,0.0,3181,3181,0.0,WeightTraining,2021-12-10T19:11:52Z,0.0,0.0,111.4,150.0,False
6353626569,Morning Activity,0.0,1881,1881,0.0,WeightTraining,2021-12-07T09:25:00Z,0.0,0.0,119.0,149.0,False
6340574680,Morning Activity,0.0,2266,2266,0.0,WeightTraining,2021-12-04T06:53:23Z,0.0,0.0,117.4,148.0,False
6338901486,Morning Activity,36789.6,6758,19274,0.0,AlpineSki,2021-12-03T09:37:10Z,5.444,18.806,139.3,174.0,False
6334858251,Afternoon Activity,0.0,3481,3481,0.0,WeightTraining,2021-12-02T16:53:43Z,0.0,0.0,119.5,153.0,False
6331518533,Night Activity,0.0,3431,3431,0.0,WeightTraining,2021-12-01T20:05:02Z,0.0,0.0,106.1,139.0,False
6304575705,Morning Activity,0.0,2968,2968,0.0,WeightTraining,2021-11-25T09:25:19Z,0.0,0.0,108.0,150.0,False
6302141657,Evening Activity,0.0,3688,3688,0.0,WeightTraining,2021-11-24T17:03:44Z,0.0,0.0,114.3,141.0,False
6300880639,Afternoon Ride,7466.7,2078,2833,333.0,Ride,2021-11-24T12:04:54Z,3.593,14.188,143.4,176.0,False
6297151236,Afternoon Activity,0.0,3354,3354,0.0,WeightTraining,2021-11-23T15:13:27Z,0.0,0.0,118.8,148.0,False
6275888095,Evening Activity,0.0,4267,4267,0.0,WeightTraining,2021-11-18T17:40:24Z,0.0,0.0,115.5,150.0,False
6266130891,Afternoon Activity,0.0,3674,3674,0.0,WeightTraining,2021-11-16T15:23:08Z,0.0,0.0,99.2,130.0,False
6264740058,Evening Activity,0.0,3370,3370,0.0,WeightTraining,2021-11-15T18:22:47Z,0.0,0.0,103.1,133.0,False
6258236376,Afternoon Activity,0.0,3574,3574,0.0,WeightTraining,2021-11-14T16:55:33Z,0.0,0.0,110.2,143.0,False
6258236368,Afternoon Ride,0.0,1057,1057,0.0,Ride,2021-11-14T16:34:02Z,0.0,0.0,119.7,165.0,False
6258236390,Evening Activity,0.0,4297,4297,0.0,WeightTraining,2021-11-09T18:37:12Z,0.0,0.0,104.7,143.0,False
6258236220,Morning Activity,0.0,2691,2691,0.0,WeightTraining,2021-11-08T09:02:23Z,0.0,0.0,112.6,143.0,False
6225266069,Afternoon Ride,10046.4,2626,4488,360.0,Ride,2021-11-07T13:58:01Z,3.826,15.97,133.0,168.0,False
6220493824,Afternoon Ride,22187.5,6333,9357,793.0,Ride,2021-11-06T13:38:09Z,3.503,15.288,130.8,166.0,False
6218165990,Morning Activity,0.0,3804,3804,0.0,WeightTraining,2021-11-06T08:34:31Z,0.0,0.0,119.2,148.0,False
6218165910,Evening Activity,0.0,4090,4090,0.0,WeightTraining,2021-11-04T18:33:43Z,0.0,0.0,108.8,132.0,False
6218165733,Afternoon Activity,0.0,4133,4133,0.0,WeightTraining,2021-11-03T14:40:36Z,0.0,0.0,105.2,141.0,False
6188426984,Afternoon Activity,0.0,3303,3303,0.0,WeightTraining,2021-10-30T14:47:37Z,0.0,0.0,108.8,141.0,False
6167907516,Morning Activity,0.0,3126,3126,0.0,WeightTraining,2021-10-26T08:03:26Z,0.0,0.0,99.9,131.0,False
6165282776,Evening Activity,0.0,3105,3105,0.0,WeightTraining,2021-10-25T16:14:25Z,0.0,0.0,105.1,136.0,False
6160335825,Morning Ride,56401.4,12664,18735,2886.8,Ride,2021-10-24T08:51:05Z,4.454,16.96,134.3,177.0,False
6157899335,Afternoon Activity,0.0,4183,4183,0.0,WeightTraining,2021-10-23T15:41:25Z,0.0,0.0,105.1,136.0,False
6148614103,Night Hike,40489.3,28470,35745,687.0,Hike,2021-10-21T20:09:28Z,1.422,5.62,106.8,152.0,False
6126551872,Afternoon Ride,9826.3,2873,3052,384.0,Ride,2021-10-17T12:19:43Z,3.42,15.2,141.1,165.0,False
6124949338,Morning Activity,0.0,3784,3784,0.0,WeightTraining,2021-10-17T08:10:43Z,0.0,0.0,110.1,141.0,False
6121687049,Afternoon Ride,7381.0,2086,2664,293.0,Ride,2021-10-16T14:07:37Z,3.538,15.0,137.3,163.0,False
6120750778,Afternoon Activity,0.0,3415,3415,0.0,WeightTraining,2021-10-16T11:16:48Z,0.0,0.0,114.7,171.0,False
6117436210,Evening Activity,0.0,3801,3801,0.0,WeightTraining,2021-10-13T18:21:19Z,0.0,0.0,106.0,136.0,False
6065774211,Morning Run,1290.3,340,351,31.0,Run,2021-10-05T07:29:12Z,3.795,5.0,143.9,162.0,False
6058816385,Evening Activity,0.0,1923,1923,0.0,WeightTraining,2021-10-03T16:07:43Z,0.0,0.0,110.9,142.0,False
6058302317,Afternoon Ride,25671.0,5265,6696,850.0,Ride,2021-10-03T13:18:57Z,4.876,15.9,128.7,168.0,False
6053039184,Afternoon Ride,9861.3,2996,3392,402.0,Ride,2021-10-02T14:35:28Z,3.291,15.5,141.8,174.0,False
6051263420,Lunch Activity,0.0,3953,3953,0.0,WeightTraining,2021-10-02T09:08:46Z,0.0,0.0,105.7,142.0,False
6051263417,Evening Activity,0.0,2808,2808,0.0,WeightTraining,2021-09-30T16:21:41Z,0.0,0.0,103.3,129.0,False
6051263502,Evening Activity,0.0,3646,3646,0.0,WeightTraining,2021-09-28T17:56:24Z,0.0,0.0,100.7,126.0,False
6017645537,Afternoon Ride,20870.9,5057,5407,627.0,Ride,2021-09-25T14:19:39Z,4.127,16.4,137.4,162.0,False
6015714927,Lunch Activity,0.0,3266,3266,0.0,WeightTraining,2021-09-25T09:51:03Z,0.0,0.0,108.9,154.0,False
6012928736,Evening Activity,0.0,2878,2878,0.0,WeightTraining,2021-09-24T18:30:29Z,0.0,0.0,111.3,139.0,False
6012264309,Afternoon Ride,23750.8,4447,5530,747.0,Ride,2021-09-24T15:01:56Z,5.341,16.3,134.4,172.0,False
6007854610,Evening Run,5138.6,1456,1470,6.0,Run,2021-09-23T17:49:29Z,3.529,4.6,146.3,168.0,False
5999410151,Evening Activity,0.0,3704,3704,0.0,WeightTraining,2021-09-21T17:50:38Z,0.0,0.0,101.3,131.0,False
5986840097,Afternoon Activity,0.0,3748,3748,0.0,WeightTraining,2021-09-19T15:01:21Z,0.0,0.0,106.2,137.0,False
5981439630,Lunch Ride,50321.4,10242,16661,3032.9,Ride,2021-09-18T10:14:54Z,4.913,21.2,127.0,181.0,False
5975672166,Evening Activity,0.0,2855,2855,0.0,WeightTraining,2021-09-17T16:35:47Z,0.0,0.0,105.9,127.0,False
5975672086,Afternoon Run,4016.2,1211,1211,95.0,Run,2021-09-17T15:47:09Z,3.316,6.2,160.7,178.0,False
5975671944,Evening Activity,0.0,3525,3525,0.0,WeightTraining,2021-09-14T17:11:10Z,0.0,0.0,103.9,130.0,False
5948950168,Afternoon Ride,20964.8,5241,5757,667.0,Ride,2021-09-12T13:00:33Z,4.0,16.2,143.7,174.0,False
5946925120,Lunch Activity,0.0,3271,3271,0.0,WeightTraining,2021-09-12T09:02:31Z,0.0,0.0,111.0,152.0,False
5942243800,Afternoon Activity,0.0,4237,4237,0.0,WeightTraining,2021-09-11T12:03:37Z,0.0,0.0,108.0,161.0,False
5933199957,Evening Activity,0.0,2770,2770,0.0,WeightTraining,2021-09-09T16:54:11Z,0.0,0.0,100.4,132.0,False
5928494016,Evening Activity,0.0,3554,3554,0.0,WeightTraining,2021-09-08T18:22:19Z,0.0,0.0,110.0,133.0,False
5911397031,Afternoon Ride,9705.6,2635,3312,372.0,Ride,2021-09-05T15:49:15Z,3.683,17.0,135.6,174.0,False
5911392349,Evening Activity,0.0,3379,3379,0.0,WeightTraining,2021-09-01T18:13:15Z,0.0,0.0,98.4,128.0,False
5871064707,Lunch Activity,0.0,4310,4310,0.0,WeightTraining,2021-08-29T09:22:32Z,0.0,0.0,106.2,141.0,False
5865693626,Morning Ride,19245.7,5527,6743,715.0,Ride,2021-08-28T08:59:54Z,3.482,16.1,133.1,177.0,False
5863109670,Night Activity,0.0,2936,2936,0.0,WeightTraining,2021-08-27T19:48:32Z,0.0,0.0,105.0,159.0,False
5854503386,Night Activity,0.0,3287,3287,0.0,WeightTraining,2021-08-25T19:01:41Z,0.0,0.0,99.2,133.0,False
5848861348,Evening Hike,13824.4,8996,9420,284.0,Hike,2021-08-24T18:09:59Z,1.537,3.0,112.7,141.0,False
5828331388,Race day with 6 crashesüò§,17940.8,7659,11651,1484.2,Ride,2021-08-21T08:50:20Z,2.342,12.6,132.0,163.0,False
5828320399,Morning Activity,0.0,596,596,0.0,Workout,2021-08-21T05:54:40Z,0.0,0.0,65.0,77.0,False
5823710690,Lunch Ride,19599.5,8016,13225,1370.6,Ride,2021-08-20T10:42:23Z,2.445,15.3,141.8,174.0,False
5822459376,Morning Ride,6044.0,2624,4952,355.0,Ride,2021-08-20T08:28:56Z,2.303,9.8,136.7,166.0,False
5796746138,Afternoon Ride,11438.4,2470,3221,688.2,Ride,2021-08-15T12:22:42Z,4.631,14.6,128.6,178.0,False
5796377413,Afternoon Ride,9647.0,1951,3269,128.0,Ride,2021-08-15T11:14:58Z,4.945,14.6,154.8,191.0,False
5796368291,Morning Ride,7531.7,1187,3506,6.0,Ride,2021-08-15T07:18:31Z,6.345,11.1,107.4,139.0,False
5796365959,Afternoon Activity,0.0,3715,3715,0.0,WeightTraining,2021-08-14T13:04:30Z,0.0,0.0,113.0,151.0,False
5760507784,Afternoon Activity,0.0,4075,4075,0.0,WeightTraining,2021-08-08T14:35:53Z,0.0,0.0,112.1,151.0,False
5755317705,Afternoon Activity,0.0,3791,3791,0.0,WeightTraining,2021-08-07T15:35:01Z,0.0,0.0,108.0,146.0,False
5746376394,Evening Activity,0.0,3133,3133,0.0,WeightTraining,2021-08-05T16:41:47Z,0.0,0.0,106.3,145.0,False
5746376038,Evening Hike,2390.4,1887,2127,189.0,Hike,2021-08-03T17:25:38Z,1.267,2.4,120.3,155.0,False
5725093627,Morning Activity,0.0,3113,3113,0.0,WeightTraining,2021-08-02T07:43:23Z,0.0,0.0,103.6,136.0,False
5721974948,Afternoon Activity,0.0,3423,3423,0.0,WeightTraining,2021-08-01T14:14:33Z,0.0,0.0,106.4,138.0,False
5716208365,Intervals,8366.5,1970,2632,248.0,Ride,2021-07-31T13:39:02Z,4.247,13.7,129.0,159.0,False
5716210206,Lunch Activity,0.0,3661,3661,0.0,WeightTraining,2021-07-31T10:18:29Z,0.0,0.0,100.1,133.0,False
5710978268,Afternoon Activity,0.0,3685,3685,0.0,WeightTraining,2021-07-30T12:57:22Z,0.0,0.0,93.4,127.0,False
5707269148,Evening Activity,0.0,2662,2662,0.0,WeightTraining,2021-07-29T17:00:02Z,0.0,0.0,94.5,123.0,False
5679842030,Afternoon Ride,31269.6,7266,8275,988.0,Ride,2021-07-24T12:58:27Z,4.304,14.3,141.9,174.0,False
5677941116,Morning Activity,0.0,3461,3461,0.0,WeightTraining,2021-07-24T08:48:16Z,0.0,0.0,108.7,140.0,False
5675708819,Evening Activity,0.0,3693,3693,0.0,WeightTraining,2021-07-22T16:55:36Z,0.0,0.0,101.5,129.0,False
5665219403,Evening Activity,0.0,3869,3869,0.0,WeightTraining,2021-07-21T18:30:32Z,0.0,0.0,96.9,124.0,False
5647969484,Afternoon Ride,14761.3,2886,5543,63.0,Ride,2021-07-18T11:35:11Z,5.115,15.9,120.5,151.0,False
5646556747,Lunch Ride,15234.3,2597,4250,123.0,Ride,2021-07-18T09:10:38Z,5.866,12.4,117.7,170.0,False
5643651930,Night Activity,0.0,3360,3360,0.0,WeightTraining,2021-07-17T19:15:52Z,0.0,0.0,106.3,143.0,False
5638193557,Night Activity,0.0,3376,3376,0.0,WeightTraining,2021-07-16T19:13:13Z,0.0,0.0,100.4,144.0,False
5637227644,Night Activity,0.0,2383,2383,0.0,WeightTraining,2021-07-15T19:07:43Z,0.0,0.0,107.0,133.0,False
5622594700,Erster Marsch,5176.0,3529,3786,125.0,Hike,2021-07-13T18:27:04Z,1.467,2.3,105.5,137.0,False
5610681610,Afternoon Ride,0.0,844,844,0.0,Ride,2021-07-11T13:02:27Z,0.0,0.0,137.7,163.0,False
5610681095,Afternoon Activity,0.0,3877,3877,0.0,WeightTraining,2021-07-11T11:57:01Z,0.0,0.0,109.2,139.0,False
5596539643,Night Activity,0.0,2732,2732,0.0,WeightTraining,2021-07-08T19:01:37Z,0.0,0.0,114.9,140.0,False
5588400343,Lunch Run,1767.9,714,714,0.0,Run,2021-07-07T09:02:25Z,2.476,4.3,147.0,176.0,False
5572974892,Lunch Ride,18763.9,3515,3788,193.0,Ride,2021-07-04T09:11:32Z,5.338,13.0,122.3,158.0,False
5572969600,Morning Ride,12789.6,1978,2804,93.0,Ride,2021-07-04T07:34:31Z,6.466,13.1,122.5,162.0,False
5568543918,Afternoon Ride,17349.8,3405,5125,237.0,Ride,2021-07-03T12:47:21Z,5.095,13.2,133.1,171.0,False
5568538922,Lunch Ride,12118.9,2356,3744,35.0,Ride,2021-07-03T10:44:07Z,5.144,13.4,123.9,167.0,False
5568535317,Lunch Ride,13780.8,2483,2696,100.0,Ride,2021-07-03T09:02:57Z,5.55,12.0,126.2,157.0,False
5568532261,Afternoon Ride,17929.7,3464,5360,43.0,Ride,2021-07-02T12:47:41Z,5.176,11.3,126.1,165.0,False
5568527087,Lunch Ride,5745.4,1646,4126,93.0,Ride,2021-07-02T09:17:38Z,3.491,11.4,138.4,173.0,False
5558141895,Afternoon Ride,9784.7,2397,4237,83.0,Ride,2021-07-01T12:50:16Z,4.082,10.4,136.0,173.0,False
5557260061,Morning Ride,15464.6,3634,7632,613.4,Ride,2021-07-01T08:23:52Z,4.256,12.3,132.2,173.0,False
5506296277,Afternoon Ride,15867.2,3806,4043,475.0,Ride,2021-06-21T14:31:59Z,4.169,14.1,135.7,180.0,False
5500063907,Lunch Ride,23659.8,5756,6208,745.0,Ride,2021-06-20T09:01:52Z,4.11,15.2,131.8,168.0,False
5496959697,Evening Ride,16917.4,4534,6069,560.0,Ride,2021-06-19T16:33:18Z,3.731,15.2,139.5,175.0,False
5490818210,Afternoon Activity,0.0,3850,3850,0.0,WeightTraining,2021-06-18T14:54:20Z,0.0,0.0,109.3,141.0,False
5486600018,Evening Ride,16994.4,4273,5502,484.0,Ride,2021-06-17T16:58:16Z,3.977,12.5,132.1,170.0,False
5480137397,Afternoon Ride,6863.6,1635,1833,119.0,Ride,2021-06-16T14:46:21Z,4.198,14.8,138.7,168.0,False
5479996094,Lunch Ride,15922.9,2785,8456,1024.8,Ride,2021-06-16T09:31:23Z,5.717,16.9,122.4,165.0,False
5479991434,Afternoon Activity,0.0,3599,3599,0.0,WeightTraining,2021-06-15T14:44:28Z,0.0,0.0,107.3,143.0,False
5458457103,Evening Ride,9936.7,2758,2960,382.0,Ride,2021-06-12T16:27:54Z,3.603,15.7,140.5,168.0,False
5452387188,Afternoon Activity,0.0,3602,3602,0.0,WeightTraining,2021-06-11T15:12:03Z,0.0,0.0,111.9,143.0,False
5447435164,Evening Ride,13437.2,3763,4589,431.0,Ride,2021-06-10T16:01:32Z,3.571,15.7,123.8,171.0,False
5434940615,Afternoon Ride,11375.0,3123,3442,393.0,Ride,2021-06-08T13:24:54Z,3.642,15.9,145.5,175.0,False
5412853210,Afternoon Ride,31656.1,7451,8981,959.0,Ride,2021-06-04T14:10:33Z,4.249,15.5,136.6,179.0,False
5407765334,Quick break,6083.0,1391,1555,195.0,Ride,2021-06-03T17:11:33Z,4.373,15.1,130.8,178.0,False
5401892699,Evening Ride,8024.5,2181,3099,291.0,Ride,2021-06-02T16:45:12Z,3.679,15.8,131.0,163.0,False
5392389395,Pre school ride,7592.9,2109,2665,304.0,Ride,2021-06-01T03:41:56Z,3.6,13.7,120.7,161.0,False
5384568724,Afternoon Ride,21337.9,5083,5566,687.0,Ride,2021-05-30T14:39:22Z,4.198,14.9,133.2,164.0,False
5377653044,Lunch Ride,45821.0,9712,19829,3462.3,Ride,2021-05-29T09:08:36Z,4.718,15.2,124.6,179.0,False
5367735016,Evening Ride,0.0,3347,3347,0.0,Ride,2021-05-27T16:50:30Z,0.0,0.0,122.9,149.0,False
5348749823,Morning Ride,8529.6,2561,2992,423.0,Ride,2021-05-24T07:59:53Z,3.331,12.4,136.6,171.0,False
5345312850,Afternoon Ride,10952.0,2713,3330,325.0,Ride,2021-05-23T13:35:49Z,4.037,13.7,116.0,163.0,False
5339512572,Afternoon Ride,22630.8,6324,7573,774.0,Ride,2021-05-22T12:57:23Z,3.579,12.9,130.6,168.0,False
5329772471,Evening Ride,10202.8,2580,3116,353.0,Ride,2021-05-20T16:09:46Z,3.955,14.9,120.4,159.0,False
5301313360,Morning Ride,28987.5,6530,8557,773.7,Ride,2021-05-15T08:57:10Z,4.439,17.4,,,False
5296291534,Afternoon Ride,31263.6,7243,7665,922.0,Ride,2021-05-14T14:16:39Z,4.316,14.7,128.6,160.0,False
5290168850,Afternoon Ride,40910.0,9969,10932,1408.0,Ride,2021-05-13T11:18:14Z,4.104,14.5,122.4,166.0,False
5285027949,Afternoon Ride,7679.6,2453,4969,393.0,Ride,2021-05-12T15:11:45Z,3.131,11.8,122.5,167.0,False
5267991756,Lunch Ride,26585.4,6932,8199,849.0,Ride,2021-05-09T10:57:00Z,3.835,17.1,127.7,162.0,False
5261877963,Lunch Ride,20355.5,6807,11710,975.0,Ride,2021-05-08T09:31:02Z,2.99,15.1,124.5,172.0,False
5246440165,Afternoon Ride,6196.5,1727,1776,243.0,Ride,2021-05-05T15:05:23Z,3.588,14.5,121.7,158.0,False
5241004612,Afternoon Ride,14375.8,1979,7517,4.0,Ride,2021-05-04T13:24:37Z,7.264,14.0,122.8,153.0,False
5239708732,Lunch Ride,1131.9,231,292,0.0,Ride,2021-05-04T10:38:33Z,4.9,11.9,113.7,133.0,False
5239540813,Morning Ride,7226.4,1079,3671,887.7,Ride,2021-05-04T08:39:33Z,6.697,13.3,110.4,158.0,False
5235592211,Afternoon Ride,0.0,1498,1498,0.0,Ride,2021-05-03T13:40:00Z,0.0,0.0,126.2,155.0,False
5235423969,Puncture on puncture üò§,5292.2,1289,1611,175.0,Ride,2021-05-03T12:59:26Z,4.106,13.2,123.3,147.0,False
5213165043,Cornering and stuff,13220.3,4406,5277,632.0,Ride,2021-04-29T13:23:14Z,3.001,16.3,118.0,156.0,False
5206209426,Morning Ride,18674.8,5438,7125,756.0,Ride,2021-04-28T07:41:13Z,3.434,14.9,128.3,165.0,False
5201793084,Afternoon Ride,2691.6,1025,1128,180.0,Ride,2021-04-27T14:30:57Z,2.626,14.8,136.2,155.0,False
5197100334,Afternoon Ride,12100.1,3448,4787,535.0,Ride,2021-04-26T15:45:29Z,3.509,12.8,130.9,163.0,False
5189024106,Morning Ride,26750.0,6737,7616,813.0,Ride,2021-04-25T08:39:18Z,3.971,14.6,129.0,167.0,False
5183935381,Afternoon Ride,22887.8,5699,7056,766.0,Ride,2021-04-24T12:25:14Z,4.016,15.1,139.6,170.0,False
5178506923,Afternoon Ride,16236.2,4123,5150,612.0,Ride,2021-04-23T14:49:56Z,3.938,16.1,129.2,166.0,False
5167841012,Evening Ride,8047.7,1902,1924,302.0,Ride,2021-04-21T16:53:05Z,4.231,16.1,126.2,151.0,False
5161717586,Evening Ride,7984.3,2228,2269,301.0,Ride,2021-04-20T16:48:59Z,3.584,16.1,121.7,159.0,False
5150218214,Afternoon Ride,7846.8,2892,4505,422.0,Ride,2021-04-18T14:58:31Z,2.713,15.5,117.7,149.0,False
5142471708,Afternoon Ride,2144.9,424,1163,1.0,Ride,2021-04-17T12:14:35Z,5.059,11.1,105.5,139.0,False
5142470910,Morning Ride,16265.9,3194,11488,1705.9,Ride,2021-04-17T08:25:30Z,5.093,14.8,112.6,147.0,False
5135566390,Morning Run,11879.9,5055,6757,546.0,Run,2021-04-16T05:15:12Z,2.35,7.6,156.4,188.0,False
5132835580,Evening Run,4894.4,2000,2000,142.0,Run,2021-04-15T17:25:34Z,2.447,7.4,169.3,187.0,False
5120312190,Evening Ride,2927.9,773,815,121.0,Ride,2021-04-13T16:17:26Z,3.788,13.4,130.3,156.0,False
5101720311,Afternoon Ride,6017.8,958,2418,441.3,Ride,2021-04-10T11:38:35Z,6.282,13.9,112.3,132.0,False
5100954356,Morning Ride,18002.1,3164,7839,1786.0,Ride,2021-04-10T08:19:50Z,5.69,12.7,112.2,159.0,False
5091528787,Evening Ride,1581.7,164,164,1.0,Ride,2021-04-08T16:47:51Z,9.645,16.4,115.9,124.0,False
5091349731,Evening Ride,1584.1,162,162,0.0,Ride,2021-04-08T16:20:56Z,9.778,16.7,101.8,109.0,False
5091120674,Afternoon Ride,1407.0,179,179,7.0,Ride,2021-04-08T15:48:34Z,7.86,16.0,109.6,129.0,False
5073721174,Suspension tuning + intervals ,10917.2,3147,3440,494.0,Ride,2021-04-05T12:43:58Z,3.469,19.9,138.2,169.0,False
5069232349,Afternoon Ride,13695.0,3101,3674,294.0,Ride,2021-04-04T15:50:34Z,4.416,13.7,119.5,150.0,False
5061930349,Afternoon Ride,28691.5,7933,11775,1011.0,Ride,2021-04-03T11:29:08Z,3.617,13.6,121.0,162.0,False
5054664868,Afternoon Ride,1374.4,137,137,1.0,Ride,2021-04-02T11:48:00Z,10.032,15.1,110.8,122.0,False
5054379592,Afternoon Ride,1436.3,186,246,1.0,Ride,2021-04-02T11:01:55Z,7.722,15.3,113.2,153.0,False
5050924869,First ride on the antidote,7689.7,2656,3419,356.0,Ride,2021-04-01T16:38:30Z,2.895,12.6,129.0,160.0,False
5032556977,Evening Ride,1351.3,147,147,0.0,Ride,2021-03-29T17:30:26Z,9.193,15.6,108.9,116.0,False
5027039818,Evening Ride,1430.6,155,176,1.0,Ride,2021-03-28T16:06:45Z,9.23,14.7,98.0,121.0,False
5023227887,Morning Ride,1360.4,174,220,4.0,Ride,2021-03-28T07:57:32Z,7.818,13.6,115.8,125.0,False
5020843157,Afternoon Ride,12558.8,3778,4209,432.0,Ride,2021-03-27T16:25:36Z,3.324,12.5,110.6,141.0,False
5013674691,Afternoon Ride,8819.3,2965,3584,420.0,Ride,2021-03-26T13:39:56Z,2.974,14.1,118.1,152.0,False
5003026496,Afternoon Ride,2804.3,366,366,1.0,Ride,2021-03-24T16:35:19Z,7.662,13.4,122.3,145.0,False
5003280274,Afternoon Ride,18200.9,5172,6487,471.3,Ride,2021-03-24T15:29:58Z,3.519,17.6,,,False
4996208440,Afternoon Ride,13678.8,4377,5251,520.0,Ride,2021-03-23T12:53:21Z,3.125,14.0,128.1,164.0,False
4985862528,Afternoon Ride,11021.6,2556,8069,1099.1,Ride,2021-03-21T13:38:19Z,4.312,13.1,119.2,146.0,False
4940247088,Afternoon Ride,10578.7,2020,3036,584.0,Ride,2021-03-13T14:08:30Z,5.237,18.6,116.4,153.0,False
4766242507,Afternoon Run,1620.8,418,429,40.0,Run,2021-02-10T16:15:24Z,3.878,8.9,150.3,167.0,False
4756217088,Evening Activity,0.0,3547,3547,0.0,WeightTraining,2021-02-08T17:13:57Z,0.0,0.0,113.0,139.0,False
4755717081,Afternoon Ride,3446.6,1234,1560,182.0,Ride,2021-02-08T15:57:01Z,2.793,10.4,118.9,145.0,False
4748495427,Morning Ride,12960.0,4736,5920,615.0,Ride,2021-02-07T08:24:39Z,2.736,11.8,127.1,163.0,False
4734427770,Afternoon Activity,0.0,4175,4175,0.0,WeightTraining,2021-02-04T16:58:15Z,0.0,0.0,115.4,142.0,False
4734335500,Afternoon Activity,0.0,388,388,0.0,Workout,2021-02-04T16:47:35Z,0.0,0.0,123.0,151.0,False
4734335113,Afternoon Run,1565.8,375,380,33.0,Run,2021-02-04T16:34:48Z,4.175,5.1,146.5,167.0,False
4728588377,Afternoon Activity,0.0,3156,3156,0.0,WeightTraining,2021-02-03T16:42:52Z,0.0,0.0,112.6,141.0,False
4728224628,Afternoon Run,1569.1,394,405,37.0,Run,2021-02-03T16:32:46Z,3.982,5.2,139.6,156.0,False
4671556445,20kg loaded ,4358.3,1971,2047,69.0,Run,2021-01-24T08:00:58Z,2.211,4.4,,,False
4592650933,Afternoon Activity,41823.7,8155,10380,5093.2,AlpineSki,2021-01-09T12:26:54Z,5.129,26.2,,,False
4591380402,Lunch Activity,9685.1,1126,1441,372.0,AlpineSki,2021-01-09T11:43:17Z,8.601,24.6,,,False
4524042942,Lunch Activity,39825.3,6743,7283,4304.6,AlpineSki,2020-12-27T10:05:58Z,5.906,21.5,,,False
4102373439,Afternoon Ride,9167.0,2751,4347,334.6,Ride,2020-09-23T15:56:35Z,3.332,14.1,,,False
4097373211,Afternoon Ride,8515.3,2359,3114,335.6,Ride,2020-09-22T15:30:50Z,3.61,14.7,,,False
4081959041,Afternoon Ride,9134.6,2816,3706,332.1,Ride,2020-09-19T12:00:29Z,3.244,13.5,,,False
4069203651,Afternoon Ride,12535.1,3389,5210,393.1,Ride,2020-09-16T15:47:27Z,3.699,18.1,,,False
4053641129,Afternoon Ride,10738.1,2070,2993,37.7,Ride,2020-09-13T11:50:40Z,5.187,12.9,,,False
4047445290,Morning Ride,33867.4,6942,12231,2483.6,Ride,2020-09-12T06:46:10Z,4.879,19.8,,,False
4035528482,Evening Ride,1623.3,249,572,2.3,Ride,2020-09-09T16:57:55Z,6.519,13.7,,,False
4031038928,Evening Ride,1667.3,265,446,4.2,Ride,2020-09-08T17:51:52Z,6.292,13.4,,,False
4030795769,Evening Ride,1587.1,248,421,3.6,Ride,2020-09-08T17:14:57Z,6.4,13.6,,,False
4006822019,Evening Ride,14701.0,4528,6712,615.8,Ride,2020-09-03T16:26:24Z,3.247,13.5,,,False
3968682640,Afternoon Ride,7290.0,2521,2938,404.6,Ride,2020-08-26T14:13:35Z,2.892,19.8,,,False
3953538399,Morning Ride,23888.6,7789,9760,708.1,Ride,2020-08-23T07:52:32Z,3.067,12.6,,,False
3877039923,Morning Ride,16597.6,3901,5156,625.2,Ride,2020-08-07T07:40:45Z,4.255,15.3,,,False
3846889623,Morning Ride,39330.4,8081,10073,3762.3,Ride,2020-08-01T06:40:18Z,4.867,17.7,,,False
3843956164,Golden kingdom tour,75543.6,20085,33012,5007.5,Ride,2020-07-31T06:55:53Z,3.761,17.4,,,False
3838609882,Afternoon Ride,28317.9,5289,6822,2548.9,Ride,2020-07-30T12:59:09Z,5.354,14.7,,,False
3837847532,Morning Ride,24250.7,7448,13349,1366.9,Ride,2020-07-30T08:07:59Z,3.256,18.0,,,False
3836763738,Morning Ride,6173.3,1191,1648,478.0,Ride,2020-07-30T06:52:58Z,5.183,16.3,,,False
3833285184,Park session,28506.2,6030,9216,3362.6,Ride,2020-07-29T12:12:57Z,4.727,16.3,,,False
3832073956,Morning Ride,22538.3,6995,9975,554.2,Ride,2020-07-29T08:21:28Z,3.222,13.7,,,False
3826337882,Afternoon Ride,16758.6,3812,4584,486.0,Ride,2020-07-28T11:05:32Z,4.396,14.9,,,False
3825643445,Morning Ride,31251.5,6936,7907,2017.4,Ride,2020-07-28T07:36:42Z,4.506,38.1,,,False
3820747868,Afternoon Ride,13858.0,3238,5323,1770.7,Ride,2020-07-27T12:10:30Z,4.28,12.9,,,False
3819922783,Morning Ride,14137.8,4569,8249,404.7,Ride,2020-07-27T08:58:36Z,3.094,15.3,,,False
3818713685,Morning Ride,8333.3,1931,2669,574.1,Ride,2020-07-27T07:59:46Z,4.316,14.3,,,False
3814997437,Bike kingdom day 1,18056.5,4113,4994,1447.4,Ride,2020-07-26T12:45:42Z,4.39,15.3,,,False
3814296284,Morning Ride,33357.7,9150,13726,1806.1,Ride,2020-07-26T07:31:49Z,3.646,13.4,,,False
3735927334,Afternoon Ride,7742.2,2093,2154,227.3,Ride,2020-07-09T11:08:25Z,3.699,13.4,,,False
